specimen_number,mean_PI,mean_buds,mean_flowers,mean_spent,mean_immature,mean_mature,flowers_present,fruit_present
AHUC100004,1.588235294,9,6,2,0,0,y,n
AHUC100005,1.6415770605,10,6.5,2.5,0.5,0.5,y,y
AHUC100006,2.69890873025,4,3.75,2.25,2.75,2,y,y
AHUC100007,1.4866161615,3.5,2.3333333333333335,0,0.3333333333333333,0,y,y
AHUC100008,2.158333333333333,1.3333333333333333,1.5,0.5,0.16666666666666666,0,y,y
AHUC100009,2.1500000000000004,5,8,6,1,0,y,y
AHUC100010,1.55458333325,3.25,2.5,1,1.125,0.625,y,y
AHUC100011,1.572580645,14,8.5,0.5,1,0.5,y,y
BSCA0945,2.7048494979999997,10.5,11.5,8,5,7.5,y,y
COLL-SD185718,1.3690476193333334,3.6666666666666665,2.3333333333333335,0,0,0,y,n
COLL-SD199224,3.001897533,7.5,7.5,8,10.5,7.5,y,y
CSUSB90239,2.885714286,4,9,12,7,3,y,y
CSUSB90327,3.2202380953333334,4.333333333333333,6.666666666666667,15,9.333333333333334,6.666666666666667,y,y
CSUSB90466,1.975284091,9.25,3,2,2,0.5,y,y
CSUSB91437,2.4,4,5,3,2,1,y,y
CSUSB91438,NA,NA,NA,NA,NA,NA,y,n
CSUSB91439,1.225,3.5,1,0,0,0,y,n
CSUSB91440,1.7772435894999998,10,5,1.5,2,0,y,y
CSUSB91441,2.538461538,42,37,15,11,25,y,y
CSUSB91442,NA,NA,NA,NA,NA,NA,y,n
CSUSB91443,1.5416666664999998,1.25,1,0,0,0,y,n
CSUSB91444,NA,NA,NA,NA,NA,NA,y,y
CSUSB93838,1.608695652,12,8,3,0,0,y,n
DAV300324,2.5595238095,2.5,4,6.5,2.5,0,y,y
DAV300325,1.2838383836666667,8,2.6666666666666665,0.3333333333333333,0,0,y,n
DAV300326,1.625,1.5,1.3333333333333333,0.16666666666666666,0.16666666666666666,0,y,y
DAV300327,NA,NA,NA,NA,NA,NA,y,y
DAV300328,3,1,1,1,3,0,y,y
DAV300330,2.230769231,8,8,6,4,0,y,y
DAV300331,3.473684211,3,1,3,8,4,y,y
DAV300333,NA,NA,NA,NA,NA,NA,y,y
DAV300334,NA,NA,NA,NA,NA,NA,y,y
DAV300335,NA,NA,NA,NA,NA,NA,y,n
DAV300336,1.9076479073333334,4,4,1,0.3333333333333333,0.6666666666666666,y,y
DAV300337,2.414634146,13,14,2,8,4,y,y
DAV300338,2.039682539666667,3,2,0.3333333333333333,1,0.3333333333333333,y,y
DAV300340,2.166666666625,0.625,0.875,0.125,0.125,0.125,y,y
DAV300341,2.4166666665000003,0.5,2,1,1,0,y,y
DAV300342,1.8977272725,3.5,3,0.5,0.5,0,y,y
DAV300343,3.1623376625,0.5,3,1,3.5,1,y,y
DAV300344,2.700892857,3.5,4,1.5,5.5,0.5,y,y
DAV300345,NA,NA,NA,NA,NA,NA,y,y
DAV300346,2.774193548,9,5,6,6,5,y,y
DAV300349,2,0,1,0,0,0,y,n
DAV300350,NA,NA,NA,NA,NA,NA,y,y
DAV300351,2.75,0.5,1.5,2,0.5,0.5,y,y
DAV300352,2.207142857,4,4,1,2.5,0.5,y,y
DAV300353,2.666666667,4,4,1,5,1,y,y
DAV300354,1.898148148,5.333333333333333,4.333333333333333,0.6666666666666666,1,0,y,y
DAV300355,2,0,1,0,0,0,y,n
DAV300356,3.2507122505,5,2,4.5,2,6.5,y,y
DAV300357,2.2355555553333337,6.666666666666667,5.333333333333333,2.3333333333333335,3.3333333333333335,0.6666666666666666,y,y
DAV300358,2.087878788,8.5,3,4.5,2.5,0,y,y
DAV300359,2.1217948719999997,3.5,3,2,0.5,0.5,y,y
DAV300360,1.888888889,1,2,0.3333333333333333,0,0,y,n
DAV300361,2.4050549450000003,1.8,1.6,2.8,0.4,0.2,y,y
DAV300362,NA,NA,NA,NA,NA,NA,y,n
DAV300363,2.058823529,7,4,4,2,0,y,y
DAV300364,3.285714286,0,2,1,4,0,y,y
DAV300366,1.7222222219999999,2,2,0.3333333333333333,0.3333333333333333,0,y,y
DAV300367,1.276190476,3,1,0.25,0,0,y,n
DAV300368,1.9264264263333333,5.666666666666667,5.333333333333333,2.3333333333333335,1.3333333333333333,0,y,y
DAV300369,1.1875,2.25,0.5,0,0,0,y,n
DAV300370,1.4733333332,2,1.4,0.2,0,0,y,n
DAV300371,1.4444444443333333,3.6666666666666665,2,0,0.3333333333333333,0,y,y
DAV300372,2,5,3,1,2,0,y,y
DAV300373,2,1.6666666666666667,2,0.3333333333333333,0.6666666666666666,0,y,y
DAV300374,2.4047619048571427,0.5714285714285714,0.8571428571428571,0.42857142857142855,0.7142857142857143,0,y,y
DAV300376,1.3095238096666666,3.3333333333333335,1.6666666666666667,0,0,0,y,n
DAV300377,3.333333333,4,9,1,15,7,y,y
DAV300378,2.1587301586,4.2,3.8,2.2,1.4,0.4,y,y
DAV300379,2.2619047616666665,2,2.6666666666666665,1.6666666666666667,0.6666666666666666,0.3333333333333333,y,y
DAV300380,3.25,0,3,0,5,0,y,y
DAV300382,1.3833333332307691,2.1538461538461537,1.0769230769230769,0,0,0,y,n
DAV300383,3.2916666665000003,0.5,0.5,2,1,1,y,y
DAV300384,2.2,1,3,0,1,0,y,y
DAV300385,1.6892857142,2.2,1.8,0.2,0.4,0,y,y
DAV300386,3.1205357145,2.5,4,3.5,5,3.5,y,y
DAV300387,3.58522727275,0.75,0.75,0.75,1.5,2.25,y,y
DAV300388,2.1623076924,1.6,1.4,1.8,0.6,0,y,y
DAV300389,1.58,2.4,2.2,0.2,0,0,y,n
DAV300390,2.7724867726666664,1.6666666666666667,2.3333333333333335,2,3.6666666666666665,0.3333333333333333,y,y
DAV300391,2.25,3,2,1,1.5,0,y,y
DAV300392,2.692307692,7,4,8,4,3,y,y
DAV300393,NA,NA,NA,NA,NA,NA,y,y
DAV300394,1.65,2,2,0.5,0,0,y,n
DAV300395,2.246875,8.5,8,3,5.5,1,y,y
DAV300396,2.74166666675,0.75,2,0.5,1,1,y,y
DAV300397,2.619047619,7,2,5,6,1,y,y
DAV300399,2.625,1,1,1,0.5,0.5,y,y
DAV300400,3.545138889,1.5,1.5,4,6.5,3.5,y,y
DAV300401,2.833333333,2,5,5,6,0,y,y
DAV300404,1.5555555555,9.5,1.5,1,1.5,0,y,y
DAV300405,2.477272727,11,11,13,8,1,y,y
DAV300406,1.4285714286666666,4,2,0,0,0,y,n
DAV300407,3.018181818,8,15,10,12,10,y,y
double check,4,3,4,4,9,21,y,y
HSC201461,3.11395202,5,3,3.25,5.5,3,y,y
HSC201462,2,13,8,2.5,3,1.5,y,y
HSC201463,2.2909523808000003,1.8,1.2,0,1.6,0,y,y
HSC201464,2.25,12,5,0.5,2,0,y,y
HSC201465,NA,NA,NA,NA,NA,NA,y,n
HSC201466,2.9262626262499998,1,2.25,1.75,1.25,1,y,y
HSC201467,1.80952381,13,3,1,4,0,y,y
HSC201468,3.43973214275,0.25,2,1.75,4,2.25,y,y
HSC201469,2.305555556,11,11,9,2,3,y,y
HSC201470,2.53988604,4,7.5,2,4,2.5,y,y
HSC201471,2.5,1,2.5,0.5,2.5,0.5,y,y
HSC201472,2.15450851375,8.75,5.75,3.25,2,1,y,y
HSC201473,2.7083333334999997,2.75,2.25,0.5,2,0,y,y
HSC201474,2.5277777776666666,1.6666666666666667,1.6666666666666667,0.6666666666666666,1.6666666666666667,0.3333333333333333,y,y
HSC201475,2.866666667,2,4,4,4,1,y,y
HSC201476,3.333333333,0,1,1,0,1,y,y
HSC201477,2.7577639754999996,2.5,4,3,3,2.5,y,y
HSC201478,2.470833333333333,3.6666666666666665,3.3333333333333335,2.3333333333333335,2.6666666666666665,0.6666666666666666,y,y
HSC201479,2.2285714285,4,2,2.5,2,0.5,y,y
HSC201480,1.76215277775,2.875,2.5,0.25,0.25,0,y,y
HSC201481,2.4333333335000003,1.5,3,0.5,1.5,0,y,y
HSC201482,2.4855072465,3.5,3.5,2,6,1,y,y
HSC201483,1.8041666665,6.5,7,0.5,1.5,0,y,y
HSC201484,1.5761904759999998,2.75,2,0.25,0.25,0,y,y
HSC201485,1.666666667,1,2,0,0,0,y,n
HSC201486,2.75,1,1,0,2,0,y,y
HSC201487,2.282894737,12.333333333333334,8,3,5,2,y,y
HSC201488,2.47826087,18,10,5,4,9,y,y
HSC201489,2.4476190475714286,0.5714285714285714,2,0.5714285714285714,1,0,y,y
HSC201492,2.5504761906,2.2,2.4,1.4,2.6,0.6,y,y
HSC201493,1.8814102565000002,5,5.5,0.5,1.5,0,y,y
HSC201494,2.061904762,2.6,3.6,1.2,1,0.2,y,y
HSC201495,NA,0,0.75,0,0,0,y,n
HSC201496,2.66726190475,4,4.25,3,4,0.75,y,y
HSC201497,2.884615385,15,13,27,12,11,y,y
HSC201498,1.5555555556666667,0.6666666666666666,1,0,0,0,y,n
HSC201499,2.789473684,3,6,3,6,1,y,y
HSC201502,2.337037037,1.3333333333333333,2.888888888888889,1,1,0.1111111111111111,y,y
HSC201503,2.226415094,22,13,4,12,2,y,y
HSC201504,1.5,1,1,0,0,0,y,n
HSC201505,2.216666666666667,1,1.3333333333333333,0.6666666666666666,0.3333333333333333,0.3333333333333333,y,y
HSC201506,1.6,2.25,1.5,0.5,0.25,0,y,y
HSC201507,1.888095238,2.6666666666666665,1.3333333333333333,0.6666666666666666,0.6666666666666666,0,y,y
HSC201509,2.526315789,6,3,5,4,1,y,y
HSC201510,2.995370370333333,2,2,0.6666666666666666,4,1,y,y
HSC201512,2.6597222225,9.5,11.5,15.5,16,1.5,y,y
HSC201513,3.114718615,5.5,5,2,9.5,5,y,y
HSC201514,3.909090909,0,2,11,8,12,y,y
HSC201515,1.65277777775,1.4166666666666667,0.9166666666666666,0.5,0,0,y,n
HSC201516,1.9365079365,2.25,2.5,1,0.75,0,y,y
HSC201517,2.970238095,2,2.5,2,4,5,y,y
HSC201518,2.488095238,28,22,9,15,10,y,y
HSC201520,3.232876712,10,8,27,11,17,y,y
HSC201521,2.2857142855,2,3,1.5,1.5,0.5,y,y
HSC201523,3.954312354333333,2,2.3333333333333335,4.333333333333333,4.333333333333333,13,y,y
HSC201525,2.296296296,10,7,3,6,1,y,y
HSC201526,2.647222222,4.5,4.5,1.5,4,0,y,y
HSC201527,3.515151515,1,9,3,12,8,y,y
HSC201528,3.636363636,1,1,1,6,2,y,y
HSC201529,2.1834750567142858,2.857142857142857,4.857142857142857,1,1.4285714285714286,0.42857142857142855,y,y
HSC201530,1.902777778,2.5,3,1,0,0,y,n
HSC201531,1.9030612244285714,1.5714285714285714,1.5714285714285714,0.2857142857142857,0.5714285714285714,0.14285714285714285,y,y
HSC201532,1.5585034012857142,3,1.8571428571428572,0.14285714285714285,0.42857142857142855,0,y,y
HSC201533,2.75,9,4,5,5,5,y,y
HSC201534,2.142857143,1.3333333333333333,1.3333333333333333,0.6666666666666666,1,0,y,y
HSC201535,2.4607843135,2,3,2.5,2.5,0,y,y
HSC201537,2.263888889,2.5,3,1.5,1.5,0,y,y
HSC201538,2.778989899,5.5,3.25,1,3.75,2.5,y,y
HSC201539,1.375,9.5,5,0.5,0,0,y,n
HSC201540,NA,NA,NA,NA,NA,NA,y,n
HSC201541,2.3293650793333334,1.1666666666666667,1.5,0,1,0,y,y
IRVC100599,2.5,2,2,2,2,0,y,y
IRVC100600,1.5777777776666666,3,0.6666666666666666,1,0.3333333333333333,0,y,y
JEPS104716,1.575,2.25,2.25,0.25,0,0,y,n
JEPS107354,2.285714286,3.5,3.5,1,2.5,0,y,y
JEPS110841,1.6662698411666668,2.1666666666666665,1.5,0,0.5,0,y,y
JEPS110843,2.1322843824,2.6,2.2,1.2,1.2,0.2,y,y
JEPS110844,2.8,1,1,1,2,0,y,y
JEPS110845,2.5115384615,3,3,1.5,4,0,y,y
JEPS110846,2.9,1.6666666666666667,1,0.6666666666666666,2,0.6666666666666666,y,y
JEPS110847,1.623015873,2.75,2,0.5,0.25,0,y,y
JEPS110848,2.3555555556,3,3.2,2,1.6,0.8,y,y
JEPS110862,2.05,0.8,1,0.4,0.2,0,y,y
JEPS111846,3,1,2,1,4,0,y,y
JEPS127095,NA,0,0,0.8571428571428571,0.14285714285714285,0.8571428571428571,n,y
JEPS1476,2.3373015870000002,6,5.666666666666667,2.6666666666666665,2.3333333333333335,1.3333333333333333,y,y
JEPS1477,2.29166666675,1.25,1,1,0.25,0.25,y,y
JEPS1478,2.09050324675,1.75,1.5,0.875,0.875,0.125,y,y
JEPS1480,1.323611111,2.5,1.0833333333333333,0,0,0,y,n
JEPS1481,2.1558441559999997,14.5,8,3,3,1.5,y,y
JEPS1486,1.684931507,37,27,4,5,0,y,y
JEPS1487,1.5714285712857143,1.2857142857142858,0.8571428571428571,0.14285714285714285,0,0,y,n
JEPS1488,3.0731707315000003,3.5,4,4,5,4.5,y,y
JEPS1490,1.5400432897499998,4,3,0.25,0.25,0,y,y
JEPS1491,3.185185185,2,6,6,11,2,y,y
JEPS1492,1.8592592593333335,3.3333333333333335,3.3333333333333335,1,0.6666666666666666,0,y,y
JEPS1493,4.258823529,0,1,17,26,41,y,y
JEPS1494,2.821428571333333,3.6666666666666665,4.333333333333333,1.6666666666666667,3.3333333333333335,1.3333333333333333,y,y
JEPS1495,2.38,3.8,2.4,1.2,2,1,y,y
JEPS1496,2.9537259615,12,15.5,7,10,13.5,y,y
JEPS1497,1.453854875142857,3.4285714285714284,1.4285714285714286,0.42857142857142855,0,0,y,n
JEPS1498,2.1666666666666665,1,1,1.1111111111111112,0.1111111111111111,0.1111111111111111,y,y
JEPS1517,2.9200111485,2.5,2.25,3,3,1.5,y,y
JEPS1518,NA,NA,NA,NA,NA,NA,y,y
JEPS1791,NA,NA,NA,NA,NA,NA,y,y
JEPS1793,1.3564373897777777,4.333333333333333,1.3333333333333333,0.1111111111111111,0,0,y,n
JEPS1794,2.141025641,2,3,1,1.5,0.5,y,y
JEPS1796,1.8561507936666666,3.1666666666666665,2.8333333333333335,1.1666666666666667,0.3333333333333333,0,y,y
JEPS1797,3.290322581,1.5,11,2,10,6.5,y,y
JEPS1803,3.3009259259999997,2.3333333333333335,1.6666666666666667,1.3333333333333333,2.3333333333333335,3,y,y
JEPS1804,2.7374772314999998,18.5,16.5,18,15,11,y,y
JEPS1805,2.016975308666667,8,4.666666666666667,3.3333333333333335,2.3333333333333335,0.6666666666666666,y,y
JEPS18372,2.4852941175,10,7.5,3,5.5,3.5,y,y
JEPS1878,2.695652174,18,6,2,12,8,y,y
JEPS1879,2.634693877571429,5,5.142857142857143,2.5714285714285716,3.857142857142857,1.8571428571428572,y,y
JEPS1881,NA,NA,NA,NA,NA,NA,y,y
JEPS1885,2.568095238,3.2,3.2,1,2.6,0.8,y,y
JEPS1889,3.2434988175,6,5,4.5,5,7.5,y,y
JEPS1890,1.768253968,2.6666666666666665,1.3333333333333333,0.3333333333333333,0.6666666666666666,0,y,y
JEPS1893,2.3742424243333335,3.6666666666666665,2.3333333333333335,1.3333333333333333,1.3333333333333333,1,y,y
JEPS1906,2.34375,4,3.5,1.5,0,0.5,y,y
JEPS1909,2.388888889,1.5,3,0,1.5,0,y,y
JEPS1911,2.8542673106666667,4,3.6666666666666665,3,5,1.6666666666666667,y,y
JEPS1912,NA,NA,NA,NA,NA,NA,y,y
JEPS1914,1.789115646142857,2.857142857142857,2,0,0.8571428571428571,0,y,y
JEPS1916,2.483766234,6.5,6.5,1,6.5,1,y,y
JEPS1918,1.7395833335000002,5.5,3.75,0.5,1,0,y,y
JEPS21155,NA,NA,NA,NA,NA,NA,y,y
JEPS25353,1.578030303,1.8181818181818181,1.1818181818181819,0.09090909090909091,0.18181818181818182,0,y,y
JEPS2989,1.9880952381666666,1.1666666666666667,1,0.3333333333333333,0.5,0,y,y
JEPS2990,1.75,4,3,0,1,0,y,y
JEPS30298,2.626984127,0.5,2.3333333333333335,0.5,1.5,0,y,y
JEPS3067,1.4791666664999998,2.25,1.375,0,0.125,0,y,y
JEPS3117,3.2205882355,1,3,4,2.5,2,y,y
JEPS3118,1.941176471,9,4,0,4,0,y,y
JEPS3127,2.211069997,15,23,11.5,6.5,2,y,y
JEPS3129,2.3889542484,2.6,2.6,1.6,1.2,0.4,y,y
JEPS3130,2.482142857,1.5,1.5,1,1,0.5,y,y
JEPS3131,1.75,0.5,1,0,0,0,y,n
JEPS3132,2.807228916,13,30,10,20,10,y,y
JEPS3134,NA,NA,NA,NA,NA,NA,y,y
JEPS3135,NA,NA,NA,NA,NA,NA,y,y
JEPS3136,3.08035714275,2.75,3.5,5.75,7.25,2.25,y,y
JEPS35787,2.301587302,23,18,5,14,3,y,y
JEPS3962,3.1448863635,3,3.5,0,4,3,y,y
JEPS45200,1.7575757575,7,4.5,2,0.5,0,y,y
JEPS60186,2.09469697,6.5,3.5,5,2,0,y,y
JEPS76985,2.7916666665000003,4,5,1.5,5,0.5,y,y
JEPS77206,3.6022727275,1,2,1,4,3.5,y,y
JEPS79245,3.68690476175,0.25,1.25,0.25,2.5,1.5,y,y
JEPS81922,2.857699805,5,4.5,3.5,8.5,1.5,y,y
JEPS82016,1.7777777776666666,1.6666666666666667,1.3333333333333333,0.3333333333333333,0,0,y,n
JEPS82021,2.07312271075,3.75,3.25,2.5,1.5,1.25,y,y
JEPS83176,4.083333333,2,1,9,26,22,y,y
JEPS85033,2.537202381,7.5,10.5,2.5,8,2.5,y,y
JEPS94183,2.966666667,6,7,3,10,4,y,y
LOB100072,3.328571429,15,8,8,17,22,y,y
LOB115754,2,8,3,2,3,0,y,y
LOB115763,2.740950226,10.5,7.5,3.5,10.5,4.5,y,y
LOB115764,NA,NA,NA,NA,NA,NA,y,y
LOB115765,2.090909091,3,2,2.6666666666666665,0.6666666666666666,0,y,y
OBI106017,2.869565217,5,6,2,7,3,y,y
OBI106019,2.726190476333333,1.6666666666666667,2,1,2.3333333333333335,0.3333333333333333,y,y
OBI106020,2.90416666675,0.75,2,0.5,1.75,0.75,y,y
OBI106022,1.54583333325,1.75,2,0,0,0,y,n
OBI106023,3.611111111,2,10,2,8,14,y,y
OBI106024,NA,NA,NA,NA,NA,NA,y,y
OBI106025,2.763888889,2.5,5.5,5,2.5,2,y,y
OBI106026,3.6868055555,0.5,1.75,0.5,2.75,2.75,y,y
OBI106028,1.636363636,6,4,0,1,0,y,y
OBI106031,2.56043956,21,33,9,21,7,y,y
OBI106032,3,0,2,1,0,1,y,y
OBI106033,2.575,10,15,1,10,4,y,y
OBI106034,2.55,4,8,3,3,2,y,y
OBI106035,2.88372093,5,18,3,11,6,y,y
OBI106036,2.7897435895,3.5,7.5,2,4.5,3,y,y
OBI106037,2.177777778,2.5,5.5,0,0.5,1,y,y
OBI106038,2.774193548,4,13,4,6,4,y,y
OBI106039,2.5027777776666666,0.5,2.5,0.5,0.8333333333333334,0.16666666666666666,y,y
OBI106041,2.8230218856666665,1.1666666666666667,1.5,1.6666666666666667,1.6666666666666667,0.5,y,y
OBI106042,2.0089285715000003,2.5,3.5,0.5,1,0,y,y
OBI106043,2.4375,4,2.5,4.5,1.5,1.5,y,y
OBI106044,2.111111111,0.3333333333333333,1.3333333333333333,0.6666666666666666,0,0,y,n
OBI106046,2.65211246775,3.5,5.25,3.75,3.25,2.75,y,y
OBI106047,2.75,0.5,1,1,1,0,y,y
OBI106048,2.8866666666,0.4,1.8,1.2,1.8,0,y,y
OBI106049,3.117647059,5,8,5,10,6,y,y
OBI106051,2.6666666666666665,1,1.3333333333333333,0.6666666666666666,1,0.3333333333333333,y,y
OBI106053,2.555555556,6,15,19,3,2,y,y
OBI106055,1.8333333332,1,1.8,0.2,0,0,y,n
OBI106056,1.6593915343333334,2,2.1666666666666665,0,0,0,y,n
OBI106058,3.4837832144,4.4,4.6,3.4,4.4,12,y,y
OBI106059,2.025793651,1.6666666666666667,4.333333333333333,0.3333333333333333,0.6666666666666666,0,y,y
OBI106060,2.1777777780000003,1.3333333333333333,6.333333333333333,0,2.3333333333333335,0,y,y
OBI106061,2.6471861475000003,1.25,3.5,0.25,2.5,0.5,y,y
OBI106062,2,0,1,0,0,0,y,n
OBI106063,3.55876068375,0,2.75,1.5,4,0.75,y,y
OBI161451,2.666666667,1,2,1,2,0,y,y
RSA0003800,1.5833333335000002,5,3.5,0,0.5,0,y,y
RSA0010691,2.7,2,2,0.5,1,1,y,y
RSA0011369,NA,1.2,0.4,0.2,0.4,0.4,y,y
RSA0022321,3,6,7,5,19,0,y,y
RSA0028724,2.164021164,0.8333333333333334,3.3333333333333335,1,0.5,0,y,y
RSA0028725,2.7,0.5,5.5,0,4,0,y,y
RSA0028793,3.35,1,6,1,9,3,y,y
RSA0035444,2.4544290833333333,4.666666666666667,10.333333333333334,3,4,1.3333333333333333,y,y
RSA0036056,NA,NA,NA,NA,NA,NA,y,y
RSA0036743,2.7083333334999997,1.5,1.5,1.5,2,0.5,y,y
RSA0037197,NA,NA,NA,NA,NA,NA,y,y
RSA0043164,2.375,1.5,2,1.5,1.5,0,y,y
RSA0043165,NA,NA,NA,NA,NA,NA,y,y
RSA0043192,1.8,1,4,0,0,0,y,n
RSA0043193,1.4726190478,3.6,2.4,0.2,0,0,y,n
RSA0043194,1.82575757575,3.75,6,0.25,1,0.25,y,y
RSA0043195,3.125,1,8,1,0,6,y,y
RSA0046820,2.582815735,2.3333333333333335,4.666666666666667,5,1.6666666666666667,0,y,y
RSA0049807,2.92708333325,1.25,1,0.5,0.5,0.75,y,y
RSA0051320,NA,NA,NA,NA,NA,NA,y,y
RSA0056306,2.280952381,2,3.25,0.75,1.25,0.25,y,y
RSA0057838,2.2666666665,3,6,2,1,1,y,y
RSA0059611,2.111111111,2.5,1,0.5,1.5,0,y,y
RSA0059738,2.0261904762,1.4,1.8,0.4,0.6,0,y,y
RSA0060576,2.6256613756666667,4,1.6666666666666667,0.3333333333333333,2,1.3333333333333333,y,y
RSA0065634,2.103013945,5,7.666666666666667,0.3333333333333333,3.6666666666666665,0.3333333333333333,y,y
RSA0067586,2.7424242425,3.5,0.5,1,1.5,2,y,y
RSA0070947,1.4345238095,7.5,4,0,1,0,y,y
RSA0070948,3.6888888890000002,0.5,2,2,4,3.5,y,y
RSA0073849,1.628409091,2.25,1.75,1.5,0,0,y,n
RSA0073853,1.9,1.2,0.8,0.4,0.2,0.4,y,y
RSA0077591,3,0,1,0,1,0,y,y
RSA0093736,2.7435897436666665,1.6666666666666667,4.333333333333333,0,3.3333333333333335,0,y,y
RSA0094763,2.58333333325,0.75,1,0.5,1.25,0,y,y
SBBG164498,2.3249999999999997,0.5,3.5,0.75,0.5,0,y,y
SBBG164500,1.8,1,4,0,0,0,y,n
SBBG164505,1.5352678570625,1.8125,1.1875,0.0625,0.125,0,y,y
SBBG164507,2.2083333333333335,2.3333333333333335,3.3333333333333335,1,1.6666666666666667,0,y,y
SBBG164508,1.9217261905,2.25,2.5,1.5,0,0.125,y,y
SBBG164509,1.6587301586666667,3.3333333333333335,2.6666666666666665,0.3333333333333333,0.3333333333333333,0,y,y
SBBG164510,2.6202046035,3,7,5,4.5,0.5,y,y
SBBG164512,2.8142205016666666,1.3333333333333333,3.5,2.1666666666666665,3.3333333333333335,0.3333333333333333,y,y
SBBG164515,2.5,0.5,1.25,0.25,0.5,0.25,y,y
SBBG164516,2.09375,9.5,13,0.5,4.5,1,y,y
SBBG164517,2.3333333333333335,1.3333333333333333,3,0.3333333333333333,1,0,y,y
SBBG164522,3.923076923,0,2,1,6,4,y,y
SBBG164525,NA,NA,NA,NA,NA,NA,y,y
SBBG164526,2.0625,0.75,1.75,0,0.25,0.25,y,y
SBBG164527,1.8095238094285715,1.4285714285714286,1.1428571428571428,0.42857142857142855,0.14285714285714285,0,y,y
SBBG164529,2.1494949495,1.6666666666666667,6.333333333333333,0.8333333333333334,1.1666666666666667,0.16666666666666666,y,y
SBBG172001,2.555555555333333,0.6666666666666666,1.3333333333333333,0,1.3333333333333333,0,y,y
SD00008033,1.7222222219999999,2.3333333333333335,0.6666666666666666,0.6666666666666666,0.3333333333333333,0,y,y
SD00008034,2.75,0.5,1.25,1.75,1.75,0,y,y
SD00010429,3.2207892416666666,2,3.6666666666666665,4,3,4,y,y
SD00010431,1.58333333325,1,1,0,0,0,y,n
SD00010432,2.2125,3,2.5,2,1.5,0,y,y
SD00010433,2.974358974333333,2,2.6666666666666665,1.6666666666666667,3.3333333333333335,1.6666666666666667,y,y
SD00010434,1.7161904762,3.2,2.6,0.8,0.4,0,y,y
SD00010435,2.981818182,11,15,3,16,10,y,y
SD00010436,2.888888889,0.6666666666666666,0.6666666666666666,1,1.3333333333333333,0,y,y
SD00010437,1.7082010583333334,4,3.6666666666666665,0.8333333333333334,0.16666666666666666,0,y,y
SD00010438,1.6333333335,3,1.5,1,0,0,y,n
SD00010439,1.391304348,16,6,0,1,0,y,y
SD00010440,2.2928388745,4,9.5,3.5,3,0,y,y
SD00010441,2.1666666666666665,0.6666666666666666,1.3333333333333333,1,0.3333333333333333,0,y,y
SD00010443,3.0606060606666667,0,2,1.6666666666666667,2.6666666666666665,0,y,y
SD00010444,2.326923077,6.5,7.5,4,2.5,2,y,y
SD00010445,3.231884058,3,19,20,13,14,y,y
SD00010446,2.2,2,1.5,0,1.5,0,y,y
SD00010447,1.725,10.5,5.5,2.5,1,0,y,y
SD00010448,1.7777777776666666,2,1.6666666666666667,0,0.6666666666666666,0,y,y
SD00010449,1.7952380953333333,2,2.6666666666666665,0,0.6666666666666666,0,y,y
SD00010450,NA,NA,NA,NA,NA,NA,y,y
SD00010451,2.2222222225,1.5,4,0,2,0,y,y
SD00010452,1.7126623376,5.4,1.6,1.8,0.4,0,y,y
SD00010453,NA,NA,NA,NA,NA,NA,y,y
SD00010454,1.8095238095,2,1.5,1,0.5,0,y,y
SD00010455,2.104629629666667,1.3333333333333333,2.3333333333333335,0.6666666666666666,0.6666666666666666,0,y,y
SD00010456,1.8245454546000002,7.2,2.8,3.2,0.4,0.4,y,y
SD00010457,2.435897436,19,30,10,14,5,y,y
SD00010458,2.25,2,3,0,2,0,y,y
SD00010459,1.64333333328,1.08,1.2,0.04,0.04,0,y,y
SD00010461,2.55,6,6,1,5,2,y,y
SD00010462,2.777777778,10,7,4,11,4,y,y
SD00010463,2.4642857145,1,1.5,1,1,0,y,y
SD00010464,2.6746031749999997,2.3333333333333335,2.3333333333333335,0.6666666666666666,2.6666666666666665,1,y,y
SD00010465,3.1885521883333334,4,5,0.6666666666666666,5.333333333333333,1,y,y
SD00010467,NA,NA,NA,NA,NA,NA,y,y
SD00010468,1.6506352089999998,9.5,13,1,0.5,0,y,y
SD00010469,2.1272186147272727,3,3.6363636363636362,0.36363636363636365,2,0,y,y
SD00010470,2.110173160181818,0.7272727272727273,1.4545454545454546,0.5454545454545454,0.18181818181818182,0.09090909090909091,y,y
SD00010471,1.6105614972,11,5,1.4,0.8,0.2,y,y
SD00010472,1.485416666625,1.75,1.125,0.125,0.125,0,y,y
SD00010473,1.8697390573333332,3.5,2.5,0.8333333333333334,0.8333333333333334,0,y,y
SD00010474,1.985576923,6,5,1.5,1.5,0.5,y,y
SD00010475,1.6625,6,2.75,0.75,1.25,0,y,y
SD00010476,1.9,1.5,1,0,0.5,0,y,y
SD00010477,1.7666666665,2,4,0.5,1.5,0.5,y,y
SD00010478,1.9428571430000001,2.5,2.5,0,0.5,0.5,y,y
SD00010480,1.225,3.5,1,0,0,0,y,n
SD00010481,1.85,11,4,2,3,0,y,y
SD00010482,1.8606060606666668,3.3333333333333335,2.6666666666666665,0.3333333333333333,1.3333333333333333,0,y,y
SD00010486,2.0611111112,1.6,2.8,1.4,0.6,0,y,y
SD00010488,2.523809524,12,0,0,4,5,n,y
SD00010489,NA,NA,NA,NA,NA,NA,y,y
SD00010490,2.002222222,4.666666666666667,4.333333333333333,1.6666666666666667,0.3333333333333333,0.3333333333333333,y,y
SD00010491,2.888888889,1,3,1,4,0,y,y
SD00010492,2.0996031745,0.8333333333333334,2.3333333333333335,0.16666666666666666,0.8333333333333334,0,y,y
SD00010494,2.909090909,4,5,4,7,2,y,y
SD00010495,2.5165945169999997,2.3333333333333335,3.6666666666666665,1.3333333333333333,1.6666666666666667,1.3333333333333333,y,y
SD00010497,2.2470588235,2,5,3,1,0,y,y
SD00010499,2.0555555555,2.5,3,0,0.5,0,y,y
SD00010500,3.263157895,2,4,2,9,2,y,y
SD00010502,2,0,1,0,0,0,y,n
SD00010503,2.8958333334999997,0.5,2.5,1.5,2.5,0,y,y
SD00010505,2.7584560873333333,1.6666666666666667,4.833333333333333,1.5,4.166666666666667,1.1666666666666667,y,y
SD00010507,4.5588235295,0,0.5,1,4,3.5,y,y
SD00010508,1.6854166667500001,3.5,4.75,0,0.5,0,y,y
SD00010509,3.617021277,6,10,3,5,23,y,y
SD00010510,1.5866666666666667,5,4,1,0,0.3333333333333333,y,y
SD00010511,1.4666666666666666,4,2.6666666666666665,0.6666666666666666,0.3333333333333333,0,y,y
SD00010512,3.333333333,2,4,1,8,3,y,y
SD00010513,2.5811612343333334,6.666666666666667,8.666666666666666,4.666666666666667,9,0,y,y
SD00010514,NA,NA,NA,NA,NA,NA,y,n
SD00010515,NA,NA,NA,NA,NA,NA,y,y
SD00010516,2.3200216452,2.8,2.2,1.6,2,0.4,y,y
SD00010517,2.917366947,1.3333333333333333,5,1.3333333333333333,5.333333333333333,3.6666666666666665,y,y
SD00010518,2.25,1,2,0,1,0,y,y
SD00010519,2.583333333,3,4,1,3,1,y,y
SD00010520,2.4370772946666666,4,5,5.333333333333333,3.3333333333333335,0.3333333333333333,y,y
SD00010521,1.8392857142499999,4.75,3,2.25,0.5,0,y,y
SD00010522,3.5625,2,4,8,10,8,y,y
SD00010523,3.078431373,12,4,9,20,6,y,y
SD00010524,3.022727273,9,10,5,11,9,y,y
SD00010525,1.625,11,11,2,0,0,y,n
SD00010526,3.0856389990000004,9.5,14,4.5,12,11,y,y
SD00010527,2.1001221,4,9,2.6666666666666665,3,0.3333333333333333,y,y
SD00010528,3.272727273,1,3,0,6,1,y,y
SD00010529,2.5038095238,1.4,1.6,0.8,0.6,0.4,y,y
SD00010530,2.34089912275,2.25,4,2,1.25,0,y,y
SD00010531,1.444444444,5,4,0,0,0,y,n
SD00010532,2.509946748,4.6,8.2,1.4,5.6,0.6,y,y
SD00010533,2.75,1,1,0,2,0,y,y
SD00010534,2.7004475524,3,5.2,2.2,0.8,3.2,y,y
SD00010535,3.459770115,3,21,14,31,18,y,y
SD00010536,2.2047619047500002,0.75,3.5,1.75,0.25,0,y,y
SD00010537,1.8203703703333334,1.8333333333333333,3.1666666666666665,0.5,0.16666666666666666,0,y,y
SD00010538,3.257668712,28,32,21,34,48,y,y
SD00010539,2.71875,9,11,2.5,3,3,y,y
SD00010540,2.685714286,6,16,3,3,7,y,y
SD00010542,2.218181818,18,16,15,3,3,y,y
SD00010543,2.739130435,4,5,8,5,1,y,y
SD00010544,2.181818182,3,5,1,2,0,y,y
SD00010545,4.210526316,3,0,0,3,13,n,y
SD00010546,2.6616161615,5,5,4.5,3,2.5,y,y
SD00010547,2.25,4,1,1,1,1,y,y
SD00010548,NA,NA,NA,NA,NA,NA,y,y
SD00010549,2.31955128225,5,5,2.75,3,0.5,y,y
SD00010550,3.360544218,15,30,27,37,38,y,y
SD00010551,2.6185185186666664,0.3333333333333333,2,3.3333333333333335,2.3333333333333335,0,y,y
SD00010552,1.90902777775,1.25,2.8333333333333335,0.3333333333333333,0.08333333333333333,0,y,y
SD00010553,2.136363636,7,9,2,4,0,y,y
SD00010554,2.0442216980000003,15.5,16,5,4.5,1.5,y,y
SD00010556,NA,NA,NA,NA,NA,NA,y,y
SD00010557,NA,NA,NA,NA,NA,NA,y,y
SD00010558,NA,NA,NA,NA,NA,NA,y,y
SD00010559,NA,NA,NA,NA,NA,NA,y,y
SD00010560,NA,NA,NA,NA,NA,NA,y,y
SD00010561,NA,NA,NA,NA,NA,NA,y,n
SD00010562,NA,0.25,0.25,0.25,0,0,y,n
SD00010563,2,1.6,2.6,0.8,1,0.2,y,y
SD00010564,NA,NA,NA,NA,NA,NA,y,y
SD00010565,3.4107142855,0.5,2,0.5,1,8.5,y,y
SD00010566,3.90625,0,1.5,3,2.5,5,y,y
SD00010567,1.5,2,2,0,0,0,y,n
SD00010568,2.75,3,11,1,7,2,y,y
SD00010569,3.2075757576666666,1,2,1,5.666666666666667,2.3333333333333335,y,y
SD00010570,3.5833333334999997,0,1.5,0.5,2.5,1,y,y
SD00010571,3.086956522,4,3,6,7,3,y,y
SD00010572,3.52,3,5,1,8,8,y,y
SD00010573,3.3148148146666667,1,5,1.3333333333333333,8.333333333333334,1,y,y
SD00010574,1.6566666666,1.5333333333333334,1.4666666666666666,0.13333333333333333,0.13333333333333333,0,y,y
SD00010575,2.3991959063333335,2.6666666666666665,6.666666666666667,2.5,3.1666666666666665,0.8333333333333334,y,y
SD00010576,2.625,7,8,9,6,2,y,y
SD00010578,NA,NA,NA,NA,NA,NA,y,y
SD00010579,1.4904761904285715,3,0.8571428571428571,0.5714285714285714,0.14285714285714285,0,y,y
SD00010582,2.781565656666667,7.666666666666667,9.333333333333334,9,6.333333333333333,8.333333333333334,y,y
SD00010583,2.75,4,5,6,2,3,y,y
SD00010584,2.361210797,5.666666666666667,7,3.6666666666666665,2.3333333333333335,1,y,y
SD00010585,2.813333333,13,25,14,9,14,y,y
SD00010586,1.8607142857142858,1.8571428571428572,2,0.5714285714285714,0.2857142857142857,0,y,y
SD00010587,3.466666667,3,2,2,1,7,y,y
SD00010588,3.388888889,1.6666666666666667,1.6666666666666667,3.3333333333333335,1.3333333333333333,3,y,y
SD00010589,NA,NA,NA,NA,NA,NA,y,y
SD00010590,2.589285714333333,1.6666666666666667,3.6666666666666665,1,3.3333333333333335,0.3333333333333333,y,y
SD00010591,2.755555556,9,10,14,7,5,y,y
SD00010592,3,3,0,4,2,2,n,y
SD00010593,3.426470588,1,6.5,4.5,6.5,7,y,y
SD00010595,2.3913043477500002,1,3.25,0.75,2.25,0,y,y
SD00010597,2.209302326,12,18,6,6,1,y,y
SD00010598,2.922222222333333,1.6666666666666667,4,1.3333333333333333,5.333333333333333,1,y,y
SD00010599,NA,NA,NA,NA,NA,NA,y,y
SD00010600,2.8857142856666664,4.333333333333333,4.666666666666667,4,5.333333333333333,2.6666666666666665,y,y
SD00010601,NA,NA,NA,NA,NA,NA,y,n
SD00010602,1.9006060606,1.4,3,0.4,0.4,0,y,y
SD00010604,2.3791423,4.5,11,3,4.5,0,y,y
SD00010605,3.019047619,19,23,13,37,13,y,y
SD00010606,3.714250371,4.5,5.5,5,13,17,y,y
SD00010607,2.936936937,17,33,17,28,16,y,y
SD00010608,2.9603174604999998,1,1.5,11.5,4.5,0,y,y
SD00010609,1.911111111,3,2.6666666666666665,0.6666666666666666,0.6666666666666666,0,y,y
SD00010610,NA,NA,NA,NA,NA,NA,y,n
SD00010611,4.233333333,1,0,11,20,28,n,y
SD00010612,3.1627906975,6.5,12.5,2.5,8.5,11,y,y
SD00010613,3.6,0,5,10,7,8,y,y
SD00010614,3.443939394,1.5,5,2.25,8.75,8,y,y
SD00010615,1.9224358975,4.5,7,2.5,0.5,0,y,y
SD00010616,3.177777778,0,2.3333333333333335,0.3333333333333333,1.3333333333333333,0.6666666666666666,y,y
SD00010617,NA,NA,NA,NA,NA,NA,y,n
SD00010618,3.263157895,4,14,12,16,11,y,y
SD00010619,2.7227564105,2.75,1.75,2,2.75,3,y,y
SD00010620,1.947368421,7,9,1,1,1,y,y
SD00010621,3.444444444,0,3,0,5,1,y,y
SD00010622,2.0555555556666665,1.3333333333333333,3.6666666666666665,0.3333333333333333,0.6666666666666666,0,y,y
SD00010623,1.269230769,19,7,0,0,0,y,n
SD00010624,NA,NA,NA,NA,NA,NA,y,y
SD00010625,1.625,11,11,2,0,0,y,n
SD00010626,2.5714285715000003,3,2,0,3.5,0.5,y,y
SD00010628,NA,NA,NA,NA,NA,NA,y,y
SD00010629,NA,NA,NA,NA,NA,NA,y,y
SD00010630,1.931818182,8,8.5,0.5,3,0,y,y
SD00010631,2.7046254396666667,1,7,1.3333333333333333,4.666666666666667,0,y,y
SD00010632,2.42228836,5.666666666666667,9.333333333333334,2.3333333333333335,4.333333333333333,2,y,y
SD00010633,1.5982142855,7,7,1,0,0,y,n
SD00010634,NA,NA,NA,NA,NA,NA,y,n
SD00010635,1.65,1.75,2.25,0.25,0,0,y,n
SD00010636,2.2433333334,2.4,3.4,1,2.2,0,y,y
SD00010637,3.2023809525,0.5,1.5,2,1.25,0.5,y,y
SD00010638,1.8987179486666668,5.333333333333333,5,2.3333333333333335,0.6666666666666666,0.3333333333333333,y,y
SD00010639,1.3873015873333332,5,1.3333333333333333,0.6666666666666666,0,0,y,n
SD00010640,2.727272727,9,50,10,19,11,y,y
SD00010641,1.8267857142500001,1.75,2.5,0,0.5,0,y,y
SD00010642,2.84,6,16,10,16,2,y,y
SD00010643,2.4709991157499998,3.5,7,0.5,4.75,1,y,y
SD00010644,3.5476923075,0.5,6,7.5,20,4.5,y,y
SD00010645,1.35,2.5,1,0,0,0,y,n
SD00010646,NA,NA,NA,NA,NA,NA,y,y
SD00010647,2.3361742425,6,14,12,3,0,y,y
SD00010648,3.6607142855,0.5,0.5,0.5,1.5,2.5,y,y
SD00010649,2.05,13,19,4,1,3,y,y
SD00010650,2.4791666666666665,2.3333333333333335,5.333333333333333,2,1.6666666666666667,1,y,y
SD00010651,2.2222222221666668,0.3333333333333333,1,0.16666666666666666,0.3333333333333333,0,y,y
SD00010652,2.076923077,3,8,0,2,0,y,y
SD00010653,2.2,4,2,2,2,0,y,y
SD00010654,1.9166666666666667,1,1.6666666666666667,0,0.3333333333333333,0,y,y
SD00010655,1.860416666625,1.875,2,1.125,0.125,0,y,y
SD00010656,1.809090909,6,7,3,0,0,y,n
SD00010657,NA,NA,NA,NA,NA,NA,n,y
SD00010658,4.042200095,5.5,11.5,6,16.5,44.5,y,y
SD00010659,1.7857142857142858,0.8571428571428571,1.2857142857142858,0,0.14285714285714285,0,y,y
SD00010660,1.8828571428,1.4,2.2,0.2,0.2,0,y,y
SD00010661,1.9444444446666667,0.6666666666666666,1.6666666666666667,0,0.3333333333333333,0,y,y
SD00010662,3.16,7,11,8,15,9,y,y
SD00010663,NA,NA,NA,NA,NA,NA,y,y
SD00010672,2.7401515151666667,2,3.1666666666666665,0.8333333333333334,4,0.3333333333333333,y,y
SD00010673,1.6075837742222223,2.2222222222222223,2.4444444444444446,0.1111111111111111,0.2222222222222222,0,y,y
SD00026562,1.8416666667500001,1.25,2.5,0.5,0,0,y,n
SD00026955,2.072222222166667,1.6666666666666667,2,0.6666666666666666,0.6666666666666666,0,y,y
SDSU06088,4.333333333500001,0.5,0,0,2,2.5,n,y
SDSU06100,NA,NA,NA,NA,NA,NA,y,y
SDSU06105,2.45654761925,1,4,0.75,1.75,0,y,y
SDSU06111,2.555555556,2,10,0,6,0,y,y
SDSU06117,2.111111111111111,0,1,0,0.1111111111111111,0,y,y
SDSU06123,2.375,1.5,1.5,2.5,0.5,0,y,y
SDSU06129,1.850746269,29,24,9,5,0,y,y
SDSU06130,3.3333333334999997,2,5,3,3.5,5.5,y,y
SDSU06135,2.175,2,3.6,0.2,2.2,0,y,y
SDSU06137,1.75,1,2,0,0,0,y,n
SDSU06141,NA,NA,NA,NA,NA,NA,y,y
SDSU06143,2.41958042,6,7,5,4,1,y,y
SDSU06149,2.6884615384,1.2,2.2,0.8,2,0.2,y,y
SDSU12385,3.2285714285,2,7,2.5,9,3.5,y,y
SDSU12547,2.0897435895000003,4,5.5,1,2,0,y,y
SDSU13969,2.1319444445,2,5,1.6666666666666667,1,0,y,y
SDSU15375,NA,NA,NA,NA,NA,NA,y,y
SDSU18390,1.475,3.5,1.5,0,0.5,0,y,y
SDSU18403,1.416666667,8,3,1,0,0,y,n
SDSU19900,2.947368421,3,6,1,7,2,y,y
SDSU19911,2.699031858666667,4.333333333333333,9,2,10.333333333333334,0.6666666666666666,y,y
SDSU22704,2.3257575755,4,6.5,1.5,3,0.5,y,y
SFV112651,2.4857142855000003,4.5,6.5,5.5,5,0,y,y
SFV112652,3.337037037,2,4,1.3333333333333333,8.666666666666666,1.6666666666666667,y,y
SFV112653,3.0227272725,2,3,1.5,5.5,1.5,y,y
SFV112656,1.3682539679999999,3.3333333333333335,1.3333333333333333,0.3333333333333333,0,0,y,n
SFV112658,NA,NA,NA,NA,NA,NA,y,y
SFV112659,1.8611111113333334,1.3333333333333333,2,1,0,0,y,n
SFV112660,1.25,4.2,1.6,0,0,0,y,n
SFV112662,1.6,2.5,2,0.5,0,0,y,n
SFV112663,3.277777778,2,2,1.5,5,3,y,y
SFV112664,1.6658333332,2,1.8,0.2,0.4,0,y,y
SFV112665,2.2355442177142857,1.2857142857142858,1.2857142857142858,0.5714285714285714,1.1428571428571428,0.14285714285714285,y,y
SFV112666,3.432432432,3,6,7,14,7,y,y
SFV112667,1.5666666665,2,1.5,0.5,0,0,y,n
SFV112668,NA,NA,NA,NA,NA,NA,y,n
SFV112669,2.399509804,7.5,10.5,2,8,1.5,y,y
SFV112670,1.7605042013333334,5.666666666666667,5,0.6666666666666666,1.3333333333333333,0,y,y
SFV112671,1.782608696,11,9,0,3,0,y,y
SFV112672,1.7380952382500001,2,1.75,0.25,0.5,0,y,y
SFV112673,2.533333333,2,8,1,3,1,y,y
SFV112674,NA,NA,NA,NA,NA,NA,y,y
SFV112675,1.9928571428571429,1.4285714285714286,1.4285714285714286,0.14285714285714285,0.7142857142857143,0,y,y
SFV112677,1.97619047625,4.5,2.75,0.5,2,0,y,y
SFV112678,2.2285714286666667,0.6666666666666666,2.3333333333333335,0.6666666666666666,0.6666666666666666,0,y,y
SFV112679,1.9625,0.75,2.75,0.25,0.25,0,y,y
UC1005677,2.865079365,3,4,3.3333333333333335,3.3333333333333335,1.3333333333333333,y,y
UC1019605,2.625,0.5,1.5,1,1,0,y,y
UC1019606,3.18749999975,0.5,4,4,2.75,2.5,y,y
UC1019607,2.4605800655,4,4.75,1.5,3.75,0.5,y,y
UC1019608,2.466666667,7.5,6,2.5,6,2,y,y
UC1021927,2.2333333335,0.5,2.5,0,1,0,y,y
UC1021935,2.25,2,2,0.5,1.5,0,y,y
UC1021938,2.6666666665000003,4.5,1,0.5,2,2,y,y
UC1031220,2.363636364,5,2,0,3,1,y,y
UC1039812,1.6444444443333333,2.6666666666666665,2,0,0.3333333333333333,0,y,y
UC1057439,1.4333333332,1.6,1.2,0,0,0,y,n
UC1069166,1.846153846,6,5,0,2,0,y,y
UC1069167,2.4660714285,2.75,2.25,1.75,2.5,0,y,y
UC1069168,2.6777777776666665,3,3,1.6666666666666667,4,0.6666666666666666,y,y
UC1069169,1.6666666665384615,1,1.5384615384615385,0.07692307692307693,0,0,y,n
UC1069170,NA,NA,NA,NA,NA,NA,y,n
UC1069171,1.8666666665,2.5,3,0.5,1,0,y,y
UC1069173,1.78,1.8,2,0.6,0.2,0,y,y
UC1069174,3,0,1,0,1,0,y,y
UC1069175,2.3695355190000003,9,10,9,5,3.5,y,y
UC1069176,1.67929292925,2.75,2.25,0.25,0.75,0,y,y
UC1069178,3.032258065,4,9,4,10,4,y,y
UC1069179,1.9017045455000001,4.5,2.5,1.25,1.25,0.5,y,y
UC1069180,2.4782608694999997,4,4.5,3.5,3.5,1.5,y,y
UC1069181,1.545518207,5.5,4,0,0.75,0,y,y
UC1069182,NA,NA,NA,NA,NA,NA,y,y
UC1069183,3.125,1,5,2,7,1,y,y
UC1069184,2.5357142855,1.5,1,1.5,1.5,0,y,y
UC1069186,2.233115468333333,5.333333333333333,4,2,1.3333333333333333,0,y,y
UC1069187,2.0548342007500002,6,4.75,2.25,1.75,0.5,y,y
UC1069188,2.8095238093333332,3,5.333333333333333,1.6666666666666667,5.333333333333333,1.6666666666666667,y,y
UC1069189,2.29688596475,4.25,7.25,2.5,2,0.5,y,y
UC1069190,2.2916666665000003,3,4.5,2,2.5,1,y,y
UC1069191,2.4111111110000003,3,7.5,6,2.5,0,y,y
UC1069192,NA,NA,NA,NA,NA,NA,y,y
UC1069193,1.50714285725,2.5,2.5,0,0,0,y,n
UC1069194,3.125,0.5,1,0,1,0,y,y
UC1069195,2.6444444443333333,3,4.666666666666667,2,3.6666666666666665,1,y,y
UC1069196,2.2357142855000003,4,5,3.5,3,0,y,y
UC1069197,1.538461538,10,1,0,2,0,y,y
UC1069198,1.727272727,4.5,5,1.5,0,0,y,n
UC1069199,2.90992259,6,11.5,5.5,10.5,5.5,y,y
UC1069200,2.29166666675,1.25,1,0.25,0.75,0,y,y
UC107227,3.6980392159999997,2.5,3,6,7,12.5,y,y
UC107228,3.6,3,14,17,17,24,y,y
UC107229,NA,NA,NA,NA,NA,NA,y,y
UC107233,2.8319504571666667,1.5,3.6666666666666665,0.8333333333333334,2.5,1.3333333333333333,y,y
UC1073323,2.111111111,3,2,1,1.3333333333333333,0,y,y
UC1103811,2.751716247,4,6,4,5.5,1.5,y,y
UC1103814,NA,NA,NA,NA,NA,NA,y,y
UC1103815,2.098039216,18,16,13,2,2,y,y
UC111549,NA,NA,NA,NA,NA,NA,y,y
UC1116246,2.7188914024999997,7,12,2,11.5,2,y,y
UC1137832,2.1833333333333336,3,2,0.6666666666666666,1.6666666666666667,0.3333333333333333,y,y
UC1190350,1.9629629629999998,5.5,6.5,3.5,2.5,0,y,y
UC1211139,2.9166666665000003,2,3.5,1,3,1.5,y,y
UC1222905,1.9285714285,3,2,1.5,0.75,0,y,y
UC1228850,1.7083333332500001,1.25,1,0,0.5,0,y,y
UC1237966,1.35,2.6,1.2,0,0,0,y,n
UC1237990,2.463924964,3,4.666666666666667,3,3,0.3333333333333333,y,y
UC1239736,3.25862069,10,11,4,20,13,y,y
UC1239737,2.3103851582,5.4,6.2,3.4,3.8,0,y,y
UC1239740,NA,NA,NA,NA,NA,NA,y,y
UC1239741,NA,NA,NA,NA,NA,NA,y,y
UC1239742,1.9555555555000002,2.75,2.5,0.25,1.25,0,y,y
UC1239744,NA,NA,NA,NA,NA,NA,y,y
UC1239751,1.7777777776666668,1.6666666666666667,2.3333333333333335,0.3333333333333333,0.3333333333333333,0,y,y
UC1239752,NA,NA,NA,NA,NA,NA,y,y
UC1239754,3.441880342,2.6666666666666665,3.6666666666666665,4,7,4,y,y
UC1239755,2.614035088,11,23,4,15,4,y,y
UC1242705,1.9515151516,1.6,1.8,0.6,0.6,0,y,y
UC1245395,3.45,3,5,11,13,8,y,y
UC1245408,2.759868421,2.75,2.75,2.75,4.25,1.25,y,y
UC126807,3.225,6,16,19,32,7,y,y
UC126808,2.485714286,6,14,7,8,0,y,y
UC126909,NA,NA,NA,NA,NA,NA,y,y
UC126911,1.7363737485000001,15,10,3,2,0,y,y
UC126918,1.875,3.5,4,2,0,0,y,n
UC126919,2.811965812,3.3333333333333335,3,1.3333333333333333,5,1.3333333333333333,y,y
UC126922,2.666666667,6,7,6,6,2,y,y
UC1278733,2.625510204142857,1,2,1.1428571428571428,1.2857142857142858,0.42857142857142855,y,y
UC1282735,2.9733333334,1.4,3,3.2,1.8,1.8,y,y
UC1285256,1.5416666664999998,1.75,2.75,0,0,0,y,n
UC1299130,1.6222222221666667,1.6666666666666667,1.8333333333333333,0.3333333333333333,0,0,y,n
UC1301146,2.357142857,3,5,4,2,0,y,y
UC1301147,2.2777777776666666,1.5,0.8333333333333334,0.16666666666666666,1,0.16666666666666666,y,y
UC131445,NA,NA,NA,NA,NA,NA,y,y
UC131451,NA,NA,NA,NA,NA,NA,y,y
UC131456,1.8875,3,4.5,2,0.5,0.5,y,y
UC131457,2.230769231,4,5,1,3,0,y,y
UC131504,2.05,1,2.5,1.5,1,0,y,y
UC131507,NA,NA,NA,NA,NA,NA,y,y
UC131658,2.1944444445,9,13,3,1.5,1,y,y
UC1375274,2.528089888,17,44,5,10,13,y,y
UC1377696,2.071428571333333,2.6666666666666665,2.3333333333333335,0.3333333333333333,1.3333333333333333,0,y,y
UC1400331,2.542857143,7,13,6,7,2,y,y
UC1426018,1.7155172415,6,10,2,0.5,0,y,y
UC144182,2.1,0.4,1.4,0.6,0,0,y,n
UC144187,1.2,2,1,0,0,0,y,n
UC146182,2.544117647,18,23,7,12,8,y,y
UC146183,2.861538462,13,13,17,14,8,y,y
UC1501861,3.016290727,1,6.333333333333333,3.6666666666666665,2,3.3333333333333335,y,y
UC1518667,2.0986904762,3.2,4,0.8,1.2,0,y,y
UC1518672,2.057142857,2.5,3.5,1.5,1,0,y,y
UC1537399,1.8214285715,6.5,2.5,0,2,0,y,y
UC1537400,NA,NA,NA,NA,NA,NA,y,y
UC1537401,NA,5,2.5,1,1,0,y,y
UC1541385,2.816666667,12,15,12,14,7,y,y
UC1561952,1.8333333332,0.8,1.4,0.4,0,0,y,n
UC1562873,2.9720394734999998,3.5,4,1.5,5.5,3,y,y
UC1562894,2,7,1,1,3,0,y,y
UC1602052,3,3,2,4,4,2,y,y
UC1607998,1.9,4,4,1,1,0,y,y
UC1611538,2.441176471,12,7,5,8,2,y,y
UC1614293,1,3,0,0,0,0,n,n
UC1614472,1.3888888886666666,2,1.3333333333333333,0,0,0,y,n
UC1614660,2.5,1,5,2,2,0,y,y
UC168372,2.667857143,6.5,29.5,15,13.5,3,y,y
UC168373,2.5647844424999997,14.5,28,11.5,14,2.5,y,y
UC168378,2.147058824,13,11,3,6,1,y,y
UC168379,3,1,4,5,4,1,y,y
UC173769,2.490277778,9,9.5,6,8,2,y,y
UC1745798,1.6956521740000001,9,8,1,0.5,0,y,y
UC1745872,2.872727273,10,17,4,18,6,y,y
UC177171,2.417582417333333,3,6.333333333333333,3.3333333333333335,1.6666666666666667,0.6666666666666666,y,y
UC177199,3.021551724,8,7.5,7,13,14,y,y
UC184397,3.0625,2,4,3,5,2,y,y
UC1871057,2.80625,1,6.5,0.5,2.5,2.5,y,y
UC1871236,2,4,4,0,2,0,y,y
UC1927520,1.9305555553333333,2.6666666666666665,1,1,1,0,y,y
UC1927593,2.9000000000000004,1.5,0.5,1,1,1,y,y
UC196340,1.5333333332499999,4.25,3,0.5,0,0,y,n
UC197341,1.695652174,14,4,3,2,0,y,y
UC197349,2.04,8,11,3,3,0,y,y
UC1979638,2.5568181819999998,2,5,4.5,2.5,1,y,y
UC1979852,2.105797101333333,3.3333333333333335,4.666666666666667,3,0.6666666666666666,0.3333333333333333,y,y
UC1980035,2.7655677655,1.75,3,0.75,4.25,0,y,y
UC2027001,1.6,3,1,1,0,0,y,n
UC2027804,3.7333333333333334,0,1,2,1.3333333333333333,1.6666666666666667,y,y
UC202791,2.893333333,13,22,9,22,9,y,y
UC2028828,1.70625,4.5,7.5,1,0,0,y,n
UC203959,2.217857142833333,2,1.6666666666666667,0.5,1.1666666666666667,0.16666666666666666,y,y
UC204178,1.933333333,5,7,2,1,0,y,y
UC24202,2.025,1.2,2,1.4,0.2,0,y,y
UC24203,2.2071428571428573,1.1428571428571428,1.7142857142857142,1.5714285714285714,0.2857142857142857,0.14285714285714285,y,y
UC24204,2.40625,5.5,3,1.5,1.5,1.5,y,y
UC24206,1.984375,6.75,3.5,4.75,1.25,0,y,y
UC24207,2.321428571,10,8,3,5,2,y,y
UC24208,1.689236111125,2,1.625,0.375,0.125,0,y,y
UC24210,2.55,11,12,3,12,2,y,y
UC24212,2.3,3,2.5,1.5,2,0,y,y
UC24213,2.0235042735,5,6.5,2.5,1,0.5,y,y
UC24214,1.8,4,5,0,1,0,y,y
UC24216,NA,NA,NA,NA,NA,NA,y,y
UC24217,1.60972850675,6.25,6.75,1,0.25,0,y,y
UC24220,3.129901961,7.5,14.5,10,16,15,y,y
UC24221,2.959183673,19,23,16,23,17,y,y
UC24222,1.972222222,2.25,1.5,0,1.25,0.25,y,y
UC24223,1.75,3,4,1,0,0,y,n
UC24225,2.5753968253333333,2.3333333333333335,3.6666666666666665,2.6666666666666665,1.6666666666666667,0.6666666666666666,y,y
UC24226,2.142857143,8,13,3,3,1,y,y
UC24231,NA,NA,NA,NA,NA,NA,y,y
UC24234,2.213719124,3.1666666666666665,1.8333333333333333,1,1.1666666666666667,1.1666666666666667,y,y
UC24235,2.3983796296666666,2.1666666666666665,1.8333333333333333,1.3333333333333333,1.6666666666666667,0.5,y,y
UC24236,1.92978883875,4.5,5,1.25,0.75,0,y,y
UC24237,2.2892857145,9.5,14.5,6.5,3.5,2.5,y,y
UC24238,1.93,1.2,1.4,0.6,0.2,0,y,y
UC24239,NA,NA,NA,NA,NA,NA,n,y
UC24240,NA,NA,NA,NA,NA,NA,n,y
UC24245,NA,NA,NA,NA,NA,NA,y,y
UC24246,1.7672268906,4.8,3.8,0.4,1,0,y,y
UC24247,1.7698412698,5,3.6,0.6,1,0,y,y
UC24248,1.866666667,6,6,2,1,0,y,y
UC24249,2.357142857,4.5,5,4,1.5,0,y,y
UC24251,1.6909523808,3,1.6,0.6,0.2,0,y,y
UC24253,2.1666666665000003,1.5,0.5,2.5,0,0,y,n
UC24255,2.434782609,4,11,4,2,2,y,y
UC24256,2.1,4,3,1,2,0,y,y
UC24257,1.7407407406666666,1.1111111111111112,1.3333333333333333,0,0.1111111111111111,0,y,y
UC24258,1.6416666666,1.4,1.3,0.1,0,0,y,n
UC24259,NA,NA,NA,NA,NA,NA,y,y
UC24260,2.941176471,1,5,7,2,2,y,y
UC24262,NA,NA,NA,NA,NA,NA,y,y
UC24263,1.9625,2.5,1,1.75,0.5,0,y,y
UC24264,1.8302521008235295,1.5294117647058822,1.6470588235294117,0.29411764705882354,0.29411764705882354,0.11764705882352941,y,y
UC24266,2.1,1.5,4,2,0,0,y,n
UC24268,2.3520959596,2.5,4.3,2.2,1.6,0.9,y,y
UC24270,1.8616666666666666,5,10,3,0.3333333333333333,0,y,y
UC24271,2.6875,6,9,7,9,1,y,y
UC24273,3.126582278,14,16,13,18,18,y,y
UC249523,3.473765432,2.3333333333333335,1.3333333333333333,3.3333333333333335,4,2.6666666666666665,y,y
UC249525,2.053921569,8,8.5,4,3,0,y,y
UC284097,2.16724941725,1.25,4.25,1.5,0.5,0,y,y
UC284098,3.344827586,11,31,16,23,35,y,y
UC284099,2.4642857145,0,4,0.5,1,0,y,y
UC284100,2.46125731,6.333333333333333,8,5,4.666666666666667,1,y,y
UC284102,1.909259259,5.666666666666667,6,0.3333333333333333,2,3.3333333333333335,y,y
UC303377,1.63,2.6,2.6,0,0.2,0,y,y
UC310216,2.0454545455,3.5,2.5,1,1.5,0,y,y
UC310223,2.454545455,3,4,2,0,2,y,y
UC310398,1.876190476,4.5,3.5,1.5,1,0,y,y
UC310650,2.636363636,4,2,1,2,2,y,y
UC310898,3.482843137,0.5,10.5,1,6.5,10.5,y,y
UC310899,NA,NA,NA,NA,NA,NA,y,y
UC310947,2.4166666666666665,1.1666666666666667,1,0.16666666666666666,0.8333333333333334,0.16666666666666666,y,y
UC314574,2.95439581,9,20.666666666666668,8.666666666666666,13.333333333333334,10.666666666666666,y,y
UC373304,1.8151515151818183,1.1818181818181819,2.3636363636363638,0,0.36363636363636365,0,y,y
UC403299,NA,NA,NA,NA,NA,NA,y,y
UC403372,NA,NA,NA,NA,NA,NA,y,y
UC407074,2.971428571,8,3,11,8,5,y,y
UC410629,NA,NA,NA,NA,NA,NA,y,y
UC444997,1.8033333334000001,2.4,1.6,0,0.6,0,y,y
UC449910,NA,NA,NA,NA,NA,NA,y,y
UC449911,2.3037037035,4,6,3,2,1,y,y
UC449912,1.5214285714285714,1.4285714285714286,1.1428571428571428,0,0,0,y,n
UC449913,NA,NA,NA,NA,NA,NA,y,y
UC449915,2.9722222223333334,0,1,2.3333333333333335,1,0,y,y
UC450875,1.58,1,1,0,0,0,y,n
UC455932,1.7857142857142858,1,1.7142857142857142,0.2857142857142857,0,0,y,n
UC457221,3.090909091,6,2,2,8,4,y,y
UC480616,1.67,1.2666666666666666,1.6666666666666667,0.26666666666666666,0.13333333333333333,0,y,y
UC480617,NA,1.3888888888888888,0.9444444444444444,0.16666666666666666,0.1111111111111111,0,y,y
UC484259,1.3333333332,1.4,0.6,0,0,0,y,n
UC486458,NA,NA,NA,NA,NA,NA,y,y
UC489143,NA,NA,NA,NA,NA,NA,y,y
UC495298,NA,NA,NA,NA,NA,NA,y,y
UC495319,2.814799154,12.5,12.5,7,8.5,8.5,y,y
UC496087,2.888888889,1,3,1,4,0,y,y
UC501494,3.357142857,3,4,6,10,5,y,y
UC501545,NA,NA,NA,NA,NA,NA,y,y
UC511238,1.906746031625,1.75,1.25,0.375,0.625,0,y,y
UC535387,3.2942307692,0,2,0.4,2.8,1,y,y
UC536816,1.8571428571428572,1,1.1428571428571428,0,0.42857142857142855,0,y,y
UC545381,1.8224206349999998,5,3.25,0.75,1,0,y,y
UC545848,2.533333333,4,4,2,5,0,y,y
UC54858,2.2022943724,4,2.6,0.6,1.6,1.4,y,y
UC55254,1.444444444,5,4,0,0,0,y,n
UC562582,2.16374269,4,5.666666666666667,3,1.6666666666666667,0,y,y
UC562583,3.227848101,9,15,21,17,17,y,y
UC562584,3.375,3,7,7,5,10,y,y
UC562585,2.8289473684999997,1.5,3,4,2,2,y,y
UC562587,2.9755239736666668,4,6,10.666666666666666,6.333333333333333,9.333333333333334,y,y
UC56413,NA,NA,NA,NA,NA,NA,y,y
UC564183,2.398809524,0.5,2.25,0.5,1,0,y,y
UC566277,2.393939394,2,5,2.6666666666666665,2,0,y,y
UC56874,2.268165785,4.666666666666667,5.333333333333333,2.1666666666666665,2.1666666666666665,1,y,y
UC56876,NA,NA,NA,NA,NA,NA,y,y
UC571709,1.665079365,1.8333333333333333,1.8333333333333333,0.5,0,0,y,n
UC571711,1.588888889,2.6666666666666665,1.3333333333333333,0,0.6666666666666666,0,y,y
UC571712,2.4597222223333333,1.3333333333333333,1.8333333333333333,0.6666666666666666,1.3333333333333333,0.16666666666666666,y,y
UC572487,1.911757885,4,4.428571428571429,1.8571428571428572,0.5714285714285714,0,y,y
UC579895,3.302054155,1.3333333333333333,2.3333333333333335,1.6666666666666667,2.6666666666666665,2,y,y
UC58514,3.1742867269999997,2.3333333333333335,4.333333333333333,0.3333333333333333,6.333333333333333,3.3333333333333335,y,y
UC592134,2.3333333333333335,0.3333333333333333,1.6666666666666667,0.3333333333333333,0.3333333333333333,0,y,y
UC592135,1.8466666666,1.2,1,0.2,0.4,0,y,y
UC592140,2.1622222222,2.4,1.4,0.6,1.4,0,y,y
UC592188,1.969963369875,1.625,2.375,1,0.125,0,y,y
UC592189,1.4666666664999999,3.5,2.25,0,0.25,0,y,y
UC592190,2.0101010103333334,3.3333333333333335,4.666666666666667,1,1.6666666666666667,0.3333333333333333,y,y
UC593306,2.3454508856666667,2.6666666666666665,4.166666666666667,2,1.8333333333333333,0.5,y,y
UC595056,1.741025641,2.4,3.8,0,0.2,0,y,y
UC596364,3.67,17,5,13,24,41,y,y
UC596582,2.107142857,7.5,4,1,4,0,y,y
UC596583,2.8388888889999997,4,3.5,4.5,5,1.5,y,y
UC596584,2.666666667,0,1,2,0,0,y,n
UC598440,1.3976190475714285,2.5714285714285716,0.8571428571428571,0.14285714285714285,0,0,y,n
UC606901,1.8037105751428573,1.8571428571428572,2,0.8571428571428571,0.2857142857142857,0,y,y
UC606902,3.0247619046,0.6,2.6,1.6,2.4,1.6,y,y
UC606903,2.1222222223333334,3.5,4.5,2,1.1666666666666667,0.16666666666666666,y,y
UC606904,2.297385621,2.6666666666666665,3.3333333333333335,1.1666666666666667,2.1666666666666665,0,y,y
UC606905,2.0076719576666666,2.3333333333333335,2.6666666666666665,1.1666666666666667,0.6666666666666666,0.16666666666666666,y,y
UC606906,1.6553069945714285,3.5714285714285716,3.7142857142857144,0.8571428571428571,0,0,y,n
UC606908,2.663742690333333,5.666666666666667,7,5.333333333333333,8,1.6666666666666667,y,y
UC606912,3.3666666665,3.5,5,4,14.5,4,y,y
UC606913,3.098765432,13,20,11,20,17,y,y
UC606915,2.286989796,1.8571428571428572,2.5714285714285716,0.42857142857142855,1.2857142857142858,0.2857142857142857,y,y
UC606952,NA,NA,NA,NA,NA,NA,y,y
UC606954,2.65,2.5,6,1,3,1,y,y
UC606955,2.9653061224285713,1,1.8571428571428572,1,1.4285714285714286,1.1428571428571428,y,y
UC606956,2.819727891142857,0.7142857142857143,1.4285714285714286,0.7142857142857143,1.2857142857142858,1.5714285714285714,y,y
UC606957,1.634958791125,2.25,2.25,0.25,0,0,y,n
UC610620,1.3888888886666666,1.8333333333333333,1.1666666666666667,0,0,0,y,n
UC618397,2.794117647,7,8,7,9,3,y,y
UC618484,1.7916666664999998,8.5,6.5,1.5,1.5,0,y,y
UC618586,NA,NA,NA,NA,NA,NA,y,y
UC630489,2.387600054,5,8.333333333333334,3.6666666666666665,1.6666666666666667,1.6666666666666667,y,y
UC63799,2.05015873,2.6666666666666665,9,3.6666666666666665,0.3333333333333333,0,y,y
UC63800,NA,NA,NA,NA,NA,NA,y,y
UC63801,2.488372093,6,18,11,8,0,y,y
UC63943,3.0714285715000003,1.5,1.5,0.5,3,1,y,y
UC64044,1.9936507933333334,5,6.666666666666667,1.3333333333333333,1.3333333333333333,0.3333333333333333,y,y
UC643397,2.004629629666667,0.8333333333333334,2.6666666666666665,0.16666666666666666,0.3333333333333333,0,y,y
UC64755,NA,NA,NA,NA,NA,NA,y,y
UC64756,3.333333333,0,1,0,2,0,y,y
UC659438,2.313227513166667,1.3333333333333333,2.6666666666666665,0.8333333333333334,1.3333333333333333,0,y,y
UC660028,2.142857143,1.5,3.5,0.5,1,0,y,y
UC660076,2.357142857,5,15,2,5,1,y,y
UC663110,2.614035088,10,16,19,10,2,y,y
UC666595,1.9416666666,2.2,4,1.6,0.4,0,y,y
UC66822,2.25,4,2.5,2,2,0,y,y
UC668349,2.161111111,3.3333333333333335,3.3333333333333335,1,2.3333333333333335,0,y,y
UC67143,NA,NA,NA,NA,NA,NA,y,y
UC67144,2.9583333334999997,1,1,1,1.5,0.5,y,y
UC67147,2.5,1,1,1,1,0,y,y
UC67148,3.149097815666667,2.1666666666666665,3,2.6666666666666665,4.833333333333333,2.6666666666666665,y,y
UC67149,2.597652205,5.8,6,3,4.8,2,y,y
UC67150,2.2547674418,7.8,5.8,1.8,3.8,1.8,y,y
UC67151,2.3924678362,5.4,7.2,3,4.2,0.4,y,y
UC67153,3.388888889,1,4,3,7,3,y,y
UC67154,1.8177083333125,0.6875,1,0,0.0625,0,y,y
UC67155,2.6819943623333335,4,5.666666666666667,3.6666666666666665,4,3.3333333333333335,y,y
UC67156,1.58978174625,4,3.25,0.25,0.25,0,y,y
UC67160,2.014732142875,1.25,2.375,0.75,0.375,0,y,y
UC697772,2.62037037025,5,5.5,5.5,4.25,3,y,y
UC702011,2.45,0.4,2.2,0.2,1,0,y,y
UC718104,1.7291666664999998,2.5,1.5,0.75,0.25,0,y,y
UC72013,2.858974359,1,2.6666666666666665,1.3333333333333333,2.6666666666666665,0.6666666666666666,y,y
UC72015,2.666666667,1,1,3,1,0,y,y
UC735053,1.7657407408333334,2.5,3.8333333333333335,0,0.6666666666666666,0,y,y
UC73660,1.5004509379166666,2.1666666666666665,1.5833333333333333,0.16666666666666666,0.16666666666666666,0,y,y
UC747507,2.9732142855,1,1.5,2,2.5,0.5,y,y
UC75161,2.710565476,2.25,2.25,1,2.5,0.5,y,y
UC753438,3.225396825333333,1,3.3333333333333335,3.6666666666666665,5.666666666666667,1.6666666666666667,y,y
UC75479,2.9,3,1,1,4,1,y,y
UC765437,2.557142857,26,13,8,12,11,y,y
UC765438,1.7242857142,2,2.4,0.4,0.2,0,y,y
UC767670,1.7666666666,1.6,1.2,0.2,0.2,0,y,y
UC767672,1.6261904759999999,1.6,1.8,0.2,0,0,y,n
UC880870,2.654545455,15,13,11,8,8,y,y
UC880892,2.204212454,2.5,2,0.75,1.25,0.5,y,y
UC880895,NA,NA,NA,NA,NA,NA,y,y
UC880906,2.35,4.5,7.5,2,3,3.5,y,y
UC880907,1.786734693857143,1.7142857142857142,2.4285714285714284,0.42857142857142855,0.2857142857142857,0.14285714285714285,y,y
UC880908,2.824175824,15,27,17,23,9,y,y
UC880909,2.0688405794999998,9,6.5,0.5,3,1.5,y,y
UC880911,NA,NA,NA,NA,NA,NA,n,y
UC880913,1.75,1.5,1.5,0,0.5,0,y,y
UC880914,NA,NA,NA,NA,NA,NA,y,y
UC880915,2.167366947,3,4.333333333333333,0.6666666666666666,1.3333333333333333,0,y,y
UC880916,2.489795918,33,51,26,32,5,y,y
UC880917,1.39583333325,2,1.25,0,0,0,y,n
UC880918,1.8666666666,1.2,1.8,0.2,0.4,0,y,y
UC880919,2.173913043,5,12,3,3,0,y,y
UC880920,1.4487179490000002,5.5,2.5,0,0,0,y,n
UC880923,2.2784603235714287,2.857142857142857,2.357142857142857,1.0714285714285714,1.2142857142857142,0.42857142857142855,y,y
UC880924,NA,NA,NA,NA,NA,NA,y,y
UC914286,3.4640567765,2,2.5,2.25,1.75,4.5,y,y
UC916528,4.06122449,2,4,6,14,23,y,y
UC923127,NA,NA,NA,NA,NA,NA,y,y
UC972194,2.014102564,3.6666666666666665,4.666666666666667,1.6666666666666667,1.3333333333333333,1,y,y
UCR0018152,3.0333333335,0.5,2.5,0.5,1,2,y,y
UCR0070268,1.8832497913333333,7,5.333333333333333,0.3333333333333333,2,0.3333333333333333,y,y
UCR0076988,2.7435185186666664,2.3333333333333335,2.6666666666666665,0,3.3333333333333335,0.6666666666666666,y,y
UCR0076989,2.4957983195,3,3,3,2,1,y,y
UCR0076990,1.76,11,9,5,0,0,y,n
UCR0076991,1.866666667,6,6,2,1,0,y,y
UCR0076992,3.046875,1.75,1,4.25,1.5,1,y,y
UCR0076993,3.3273504272,0.6,0.6,5.2,2.8,1.4,y,y
UCR0076995,1.782608696,10,8,5,0,0,y,n
UCR0076996,2.2509523809,0.7,1.3,0.5,0.8,0,y,y
UCR0076998,2.3,2.2,1.8,1.4,1.4,0.4,y,y
UCR0076999,3.27518315025,0.75,2,3.25,5,0.5,y,y
UCR0077000,2.3833333335,2.5,5.5,1.5,3,0,y,y
UCR0077001,2.15625,7.5,4,2,1,2,y,y
UCR0077002,2.2305555556,2.2,2,0.6,1.8,0.2,y,y
UCR0077003,4.083333333500001,0.5,0,2,3,5,n,y
UCR0077005,2.0386243386666667,1.7777777777777777,2.111111111111111,0.5555555555555556,0.5555555555555556,0,y,y
UCR0077006,2.42916666675,4,2.75,2.5,2.5,0.5,y,y
UCR0077007,2.5897435896666665,3,3.6666666666666665,1.3333333333333333,1.6666666666666667,1.3333333333333333,y,y
UCR0077008,2.9,5,3,5,3,4,y,y
UCR0077009,1.7083333335000002,5.5,3.5,1.5,0.5,0,y,y
UCR0077010,NA,NA,NA,NA,NA,NA,y,y
UCR0077013,2.25,1,2,0,1,0,y,y
UCR0077015,4.388888889,0,1,0.5,1.5,2,y,y
UCR0077016,2.985714286,13,18,8,19,12,y,y
UCR0077017,NA,1.4285714285714286,1.5714285714285714,0.42857142857142855,0.14285714285714285,0,y,y
UCR0077019,3.342105263,0,7,14,14,3,y,y
UCR0077021,1.25,3,0.6666666666666666,0,0,0,y,n
UCR0077023,3.333333333,3,3,0,4,5,y,y
UCR0077024,2.779895105,1.5,2.25,1.625,2.25,0.75,y,y
UCR0077025,1.3333333333333333,4.666666666666667,1,0.3333333333333333,0.3333333333333333,0,y,y
UCR0077026,NA,NA,NA,NA,NA,NA,y,y
UCR0077028,2.161453634,2,3.2,0.8,1.6,0,y,y
UCR0077029,1.7410714285,1.75,1.75,0.25,0.375,0,y,y
UCR0077030,3.310344828,5,6,2,7,9,y,y
UCR0077031,3.047619048,1,5,7,8,0,y,y
UCR0077033,2.382352941,17,3,3,6,5,y,y
UCR0077034,3.019607843,3,3,0.3333333333333333,3,1.6666666666666667,y,y
UCR0077035,NA,NA,NA,NA,NA,NA,y,y
UCR0077036,NA,NA,NA,NA,NA,NA,n,y
UCR0077037,NA,NA,NA,NA,NA,NA,y,y
UCR0077038,3.444444444,1,2,4,10,1,y,y
UCR0077039,2.3154761905,6,8.5,7,2,1,y,y
UCR0077040,3.384615385,1,3,1,6,2,y,y
UCR0077041,1.5571428571428572,2.2857142857142856,1.2857142857142858,0,0,0,y,n
UCR0077042,2.8759398495,2.5,2.5,6.5,4.5,0.5,y,y
UCR0077043,2.2666666665,5.5,6.5,2.5,3.5,0.5,y,y
UCR0077044,4.321969697,0.25,0.5,1,1.5,3,y,y
UCR0077045,2.06993007,6,2.5,0.5,2.5,0.5,y,y
UCR0077046,NA,NA,NA,NA,NA,NA,y,y
UCR0077048,2.260787496,7.75,6,3.25,1.75,2.75,y,y
UCR0077049,2.065373563,11.5,6.5,4.5,3,1,y,y
UCR0077051,4.557692308,6,3,5,26,116,y,y
UCR0077053,2.9917582415,4,4,4,5.5,2.5,y,y
UCR0077054,2.3833333335,6.5,7.5,0,6,0,y,y
UCR0077055,2.416666667,9,4,3,8,0,y,y
UCR0077056,2.5,5,1,2,3,1,y,y
UCR0077057,NA,NA,NA,NA,NA,NA,y,y
UCR0077058,2.1488095235,7.5,10,0.5,1.5,2,y,y
UCR0077059,1.9,5,3,0,2,0,y,y
UCR0077060,2.085802469111111,1.3333333333333333,1.6666666666666667,0.2222222222222222,0.8888888888888888,0,y,y
UCR0077061,2.7604166665000003,3,3,1.5,2.5,2.5,y,y
UCR0077062,NA,NA,NA,NA,NA,NA,y,y
UCR0077063,2.375,4,1,0,2,1,y,y
UCR0077064,4.029411765,1,6,4,3,20,y,y
UCR0077065,3.333333333,1,1,3,2,2,y,y
UCR0077066,2.7,8,8,1,11,2,y,y
UCR0077067,3.4475925926666666,5.666666666666667,2.6666666666666665,6,12.333333333333334,7,y,y
UCR0077068,1.8157894737142857,2.142857142857143,2.5714285714285716,1.2857142857142858,0.7142857142857143,0,y,y
UCR0077069,2.2,3,8,2,2,0,y,y
UCR0077070,1.5416666664999998,1.25,1.25,0,0,0,y,n
UCR0077071,1.968855219,11.5,7.5,1,3.5,1,y,y
UCR0077072,2.238095238,15,13,7,3,4,y,y
UCR0077073,3.4,4,9,1,19,7,y,y
UCR0077074,2.2738095234999998,2.5,2,0,1.5,0.5,y,y
UCR0077075,NA,NA,NA,NA,NA,NA,y,y
UCR0077076,1.6885212417500002,6.75,2.5,0.75,1,0.5,y,y
UCR0077077,NA,NA,NA,NA,NA,NA,y,n
UCR0077078,2.123397436,3.75,2,1.25,1.5,0.25,y,y
UCR0077079,NA,0.8,1.1,0,0.3,0,y,y
UCR0077080,2.2563492064285713,2.142857142857143,1.4285714285714286,0.7142857142857143,0.7142857142857143,0.5714285714285714,y,y
UCR0077081,3.725,0,2,0,5.5,1.5,y,y
UCR0077082,2.4241883118,2.4,3.8,0.6,1.8,0.4,y,y
UCR0077083,2.133333333,14,7,3,3,3,y,y
UCR0077084,2,4,5,2,1,0,y,y
UCR0077085,2.032063492,3.2,2.4,0.8,0.6,0.4,y,y
UCR0077086,1.847383721,17,8.5,4,2,2,y,y
UCR0077087,1.1,9,1,0,0,0,y,n
UCR0077088,1.543269231,6.5,3,0.5,0.5,0,y,y
UCR0077089,2.27027027,28,19,10,13,4,y,y
UCR0077090,NA,NA,NA,NA,NA,NA,y,y
UCR0077091,1.9604617603333332,5,3.6666666666666665,0.6666666666666666,1,0.6666666666666666,y,y
UCR0077092,2.0357142855,8,6.5,2,2.5,0.5,y,y
UCR0077093,1.880952380857143,1.7142857142857142,0.7142857142857143,0.14285714285714285,0.2857142857142857,0,y,y
UCR0077094,1.7043010755,10,7.5,1,1,0.5,y,y
UCR0077095,NA,NA,NA,NA,NA,NA,y,y
UCR0077096,1.333333333,6,3,0,0,0,y,n
UCR0077097,2.1318681315,6,3,1.5,2.5,0.5,y,y
UCR0077098,3.8032407404999997,2,0.5,7,7.5,8.5,y,y
UCR0077099,2.526315789,5,6,2,5,1,y,y
UCR0077100,1.8214285715,1.5,1.5,1.5,0,0,y,n
UCR0077101,2.875,1,2,2,3,0,y,y
UCR0077102,1.9326923075,9.5,8.5,6,1.5,1,y,y
UCR0077103,1.5,7,2,0,1,0,y,y
UCR0077104,2.618421053,22,20,8,17,9,y,y
UCR0077105,NA,NA,NA,NA,NA,NA,y,y
UCR0077106,2.5744766510000003,12.5,18.5,3,10,6,y,y
UCR0077107,1.631578947,13,3,0,3,0,y,y
UCR0077108,NA,NA,NA,NA,NA,NA,y,y
UCR0077109,NA,NA,NA,NA,NA,NA,y,y
UCR0077110,NA,NA,NA,NA,NA,NA,y,y
UCR0077111,2.83333333325,1,1.75,0.25,1.25,0.25,y,y
UCR0077115,NA,NA,NA,NA,NA,NA,y,y
UCR0077116,1.615384615,7,4,2,0,0,y,n
UCR0077117,1.55,4,1.5,1,0,0,y,n
UCR0077118,3.927007299,3,4,22,79,29,y,y
UCR0077119,2.1666666666666665,2.3333333333333335,4.333333333333333,2.6666666666666665,0.6666666666666666,0,y,y
UCR0077122,1.571428571,13,5,2,1,0,y,y
UCR0077124,2.311038961,1.5,3,2.25,0.5,0.75,y,y
UCR0077125,NA,NA,NA,NA,NA,NA,y,y
UCR0077126,1.6532587782222221,1.1666666666666667,1.5,0,0.2222222222222222,0,y,y
UCR0077127,1.2222222221666668,2.8333333333333335,0.5,0,0,0,y,n
UCR0077128,3.653846154,1,2,7,11,5,y,y
UCR0077130,2.696969697,9,7,6,7,4,y,y
UCR0077131,2.9387204425,3.5,5,2.5,6.25,2.75,y,y
UCR0077133,2.822222222333333,1.3333333333333333,3,1.6666666666666667,3.6666666666666665,0.3333333333333333,y,y
UCR0077134,3.125,1,0,1,2,0.5,n,y
UCR0077137,1.8333333333333333,0.6666666666666666,1.6666666666666667,0.3333333333333333,0,0,y,n
UCR0077138,2.288888889,15,16,2,10,2,y,y
UCR0077139,NA,NA,NA,NA,NA,NA,y,y
UCR0077140,2.40833333325,2.5,1.75,0.25,1.75,0.5,y,y
UCR0077141,NA,NA,NA,NA,NA,NA,y,y
UCR0077142,1.142857143,6,1,0,0,0,y,n
UCR0077143,2.7764309763333332,2.6666666666666665,1.3333333333333333,1,2,1.3333333333333333,y,y
UCR0077144,1.727272727,5,5,0,1,0,y,y
UCR0077145,3.604166667,0.5,1.5,5.5,2,4,y,y
UCR0077146,NA,NA,NA,NA,NA,NA,y,y
UCR0077147,3.02970297,11,31,18,26,15,y,y
UCR0077148,2.884297521,23,30,22,30,16,y,y
UCR0077149,NA,NA,NA,NA,NA,NA,y,y
UCR0077150,1.4569444443333333,6.333333333333333,4.666666666666667,0,0,0,y,n
UCR0077151,1.5666666666666667,1.1111111111111112,1,0.1111111111111111,0.16666666666666666,0,y,y
UCR0077152,1.4666666665,4,2,0,0.5,0,y,y
UCR0077153,2.3842592590000002,5.666666666666667,3,2.6666666666666665,3.3333333333333335,0.3333333333333333,y,y
UCR0077154,4.16,1.5,2,1,7,1.5,y,y
UCR0077157,2.835294118,19,22,11,20,13,y,y
UCR0077158,2.6986785146666668,7.333333333333333,7.333333333333333,4.333333333333333,4.333333333333333,6.333333333333333,y,y
UCR0077159,2.568807339,19,42,21,21,6,y,y
UCR0077160,NA,NA,NA,NA,NA,NA,y,y
UCR0077161,2.791666667,16,19,16,6,15,y,y
UCR0077162,4.071428571,1,4,7,22,22,y,y
UCR0077163,2.2347619048,1.6,1.5,0.9,1,0.2,y,y
UCR0077164,2.988095238,6,7,6,8,6,y,y
UCR0077165,1.6944444443333333,2.3333333333333335,2,0.3333333333333333,0.3333333333333333,0,y,y
UCR0077166,1.7804593554444443,2.888888888888889,1.4444444444444444,1.3333333333333333,0.4444444444444444,0,y,y
UCR0077167,4,1,0,2,6,5,n,y
UCR0077168,3.869565217,1,3,4,5,10,y,y
UCR0077169,2.91875,0.375,1.625,0.5,2.125,0,y,y
UCR0077171,2.572420635,1.125,2.75,1,1.375,0.625,y,y
UCR0077173,3.9096774195000004,1.5,4.5,1.5,6.5,9,y,y
UCR0077176,2.826086957,6,5,4,3,5,y,y
UCR0077177,NA,NA,NA,NA,NA,NA,y,y
UCR0077178,NA,NA,NA,NA,NA,NA,y,y
UCR0077186,2.47,0.4,1.2,0.6,0.8,0,y,y
UCR0077187,2.283333333333333,1.3333333333333333,1.6666666666666667,0.6666666666666666,1,0,y,y
UCR0077188,2.2916666665000003,1.25,1,1,1,0,y,y
UCR0077189,2.6904761903333334,1.3333333333333333,1,0.6666666666666666,2,0,y,y
UCR0077190,2.1688311689999997,4.5,3.5,3,0.5,1,y,y
UCR0077191,3.3653846155,0.5,1.5,3,2,1.5,y,y
UCR0077192,1.8333333335000002,2,2,1.5,0,0,y,n
UCR0077194,2.5,0.5,2,2,0.5,0,y,y
UCR0077196,2.877192982,15,9,13,8,12,y,y
UCR0077199,2.225,0.75,1.5,0.5,0.5,0,y,y
UCR0077200,2.08928571425,3.25,1.5,2.75,1.5,0,y,y
UCR0077201,1.7694444445,1.8333333333333333,1,0,0.5,0,y,y
UCR0077204,1.578947368,9,9,1,0,0,y,n
UCR0077205,1.3976190475714285,1.8571428571428572,1,0,0,0,y,n
UCR0077207,2.142857143,2,2.5,0,1.5,0,y,y
UCR0077208,NA,NA,NA,NA,NA,NA,y,y
UCR0077212,1.592592593,15,9,2,1,0,y,y
UCR0077213,NA,NA,NA,NA,NA,NA,y,y
UCR0077215,2.358974359,13,11,5,8,2,y,y
UCR0077216,2.172222222333333,6.666666666666667,4.666666666666667,2.3333333333333335,2,1,y,y
UCR0077217,3.05,2,3.5,3.5,3,2.5,y,y
UCR0077218,2.618181818,1.5,3,4,2,0,y,y
UCR0079815,2.890598290333333,1.3333333333333333,2,1.6666666666666667,1.6666666666666667,2,y,y
UCR0105226,2.49315476175,5,4.75,5.25,3.75,1,y,y
UCR0105227,NA,NA,NA,NA,NA,NA,y,y
UCR0105244,NA,NA,NA,NA,NA,NA,y,y
UCR0105259,3.2924242424545453,0.18181818181818182,0.7272727272727273,0.8181818181818182,1.2727272727272727,0.2727272727272727,y,y
UCR0105260,2.944444444,0,5,11,0,2,y,y
UCR0105261,3.3333333333333335,1,1.3333333333333333,0.6666666666666666,0.6666666666666666,2,y,y
UCR0105262,2.1037037036666666,1,1.1111111111111112,0,0.6666666666666666,0.1111111111111111,y,y
UCR0105263,2.5095238095,3.5,2.25,0.75,2.25,0.75,y,y
UCR0105264,3.029004329,0.8181818181818182,1.1818181818181819,0.45454545454545453,1.1818181818181819,0.45454545454545453,y,y
UCR0105265,2.9831689677692306,0.8461538461538461,2.076923076923077,1.6923076923076923,2,0.7692307692307693,y,y
UCR0105266,2.41666666675,0.5,1,0.5,0.25,0.25,y,y
UCR0105267,2.8413071896,0.8,2.4,2.2,3,0.6,y,y
UCR0105292,4,0,3,4,11,10,y,y
UCSB030026,NA,1.3333333333333333,0.6666666666666666,0.1111111111111111,0,0,y,n
UCSB030027,1.426190476,2.4,1.2,0,0.2,0,y,y
UCSB030028,2.4583333334999997,2,3,1,2.5,0,y,y
UCSB030030,1.9135672514,3.6,2.4,0.6,1.6,0.2,y,y
UCSB030033,1.6888471176,4.6,4.4,1,0.6,0,y,y
UCSB030034,1.947368421,10,3,3,3,0,y,y
UCSB030035,NA,NA,NA,NA,NA,NA,y,n
UCSB030036,NA,NA,NA,NA,NA,NA,y,y
UCSB030037,2.903225806,7,7,3,10,4,y,y
UCSB030038,2.6029411765,3.5,4,0.5,5,0.5,y,y
UCSB030039,2.125,0,1.25,0.25,0,0,y,n
UCSB030040,NA,NA,NA,NA,NA,NA,y,y
UCSB030041,3.62962963,2,3,6,8,8,y,y
UCSB030042,2.824501424666667,2.3333333333333335,2.6666666666666665,2,2.3333333333333335,1.3333333333333333,y,y
UCSB030043,2.648148148333333,2.3333333333333335,2.6666666666666665,1.3333333333333333,2,1,y,y
UCSB030044,NA,NA,NA,NA,NA,NA,y,y
UCSB030045,2.35,7,5,3,4,1,y,y
UCSB030049,2.4833333333333334,1,2,0.3333333333333333,1,0.3333333333333333,y,y
UCSB030050,1.6037878788333333,6,3.1666666666666665,0.8333333333333334,0.5,0,y,y
UCSB030051,2.551724138,8,8,3,9,1,y,y
UCSB030052,1.5,1,1,0,0,0,y,n
UCSB030053,1.7857142855,7.5,5.5,1,1,0,y,y
UCSB030054,2.1805555555,6.5,1.5,4.5,2.5,0,y,y
UCSB030055,1.857142857,3,3,0,1,0,y,y
UCSB030056,1.88928571425,2.5,1.25,0.75,1,0,y,y
UCSB030057,1.333333333,2,1,0,0,0,y,n
UCSB030058,2.775,0.5,1.5,1,1.5,0,y,y
UCSB030059,1.9375,0.125,1,0,0,0,y,n
UCSB030060,1.984623016,3,3.5,0.75,1,0,y,y
UCSB030061,2.5555555556666665,0.3333333333333333,0.6666666666666666,0.3333333333333333,0.6666666666666666,0,y,y
UCSB030062,1.629403409,3.75,3.125,0.875,0,0,y,n
UCSB030063,1.392063492,4.333333333333333,2.3333333333333335,0.16666666666666666,0,0,y,n
UCSB030064,1.5642857145,5.5,2.5,0,1.5,0,y,y
UCSB030065,2.1916666665999998,2,2.2,0,1.4,0,y,y
UCSB030066,1.7777777778333332,0.6666666666666666,0.8333333333333334,0.16666666666666666,0,0,y,n
UCSB030067,2.232142857,4,6,3.5,3.5,0,y,y
UCSB030068,2.6808823530000003,8,6,3.5,7.5,2,y,y
UCSB030070,1.7777777776666666,1,1,0.3333333333333333,0,0,y,n
UCSB030071,2.6805555555,1.25,1.25,1.5,2.25,0,y,y
UCSB030072,2.9166666666666665,0.3333333333333333,1,0.6666666666666666,1.6666666666666667,0,y,y
UCSB030074,2.14772727275,2.75,2.25,0.25,1.25,0.25,y,y
UCSB030075,1.9857142855,2.5,2,0.5,0.5,0.5,y,y
UCSB030076,NA,NA,NA,NA,NA,NA,y,y
UCSB030078,1.6755555555,2.2,1.3,0.1,0.4,0,y,y
UCSB030080,1.75,9,4,1,2,0,y,y
UCSB030081,1.2916666664999998,4.5,1,0.5,0.5,0,y,y
UCSB030082,3,3,1,4,5,1,y,y
UCSB030083,2.5757575755,2.5,2,0,4,0,y,y
UCSB030084,1.5,1,1,0,0,0,y,n
UCSB030085,3.071428571,3,2,1,7,1,y,y
UCSB030086,1.925,2.25,1.75,0.75,0.5,0,y,y
UCSB030087,1.5833333335000002,1.5,2,0,0,0,y,n
UCSB030088,2.1458333335,2,2.5,1,0.5,0,y,y
UCSB030089,2.739130435,2,11,3,5,2,y,y
UCSB030090,3.243243243,9,23,29,32,18,y,y
UCSB030091,2.1111111111666667,0.5,1.5,0,0.3333333333333333,0,y,y
UCSB030092,2.875,0,0.5,1,0.5,0.5,y,y
UCSB030093,2,6,3,2,2,0,y,y
UCSB030094,3.685714286,6,1,4,11,13,y,y
UCSB030095,1.9,2.25,1.75,1.25,0.25,0,y,y
UCSB030096,1.75,2,4,0,0.3333333333333333,0,y,y
UCSB030097,1.5416666664999998,1.75,1.25,0,0.25,0,y,y
UCSB030098,NA,NA,NA,NA,NA,NA,y,y
UCSB030099,1.55,4,4,0,0,0,y,n
UCSB030100,2.0625,2,2,2,0,0,y,n
UCSB030401,2.83092105275,3.5,3.25,2.75,4,1.25,y,y
UCSB030402,1.880952381,1.3333333333333333,1,0.6666666666666666,0.3333333333333333,0,y,y
UCSB030403,NA,NA,NA,NA,NA,NA,y,n
UCSB030404,2.0625,8.5,5,4.5,3.5,1,y,y
UCSB030405,2,0,1,0,0,0,y,n
UCSB030407,2.65,1,1,1.5,0.5,0.5,y,y
UCSB030408,1.6944444443333333,2,1.3333333333333333,0.3333333333333333,0.3333333333333333,0,y,y
UCSB030409,1.6180555555,2.25,1.5,0.25,0.25,0,y,y
UCSB030410,1.291111111,5.2,2.2,0,0,0,y,n
UCSB032711,3.1388521965000002,2,3.75,2.5,4.25,2.5,y,y
UCSB039252,NA,NA,NA,NA,NA,NA,n,y
UCSB040304,2.592592593,7,5,9,4,2,y,y
