ID1,ID2,lat,long,el
POM156599,1903,32.6064,-116.469,793.95
POM47079,1924,32.71389,-116.75889,682.32
JEPS1895,1916,32.73409,-117.12945,15
POM126452,1906,32.8528,-116.616,1034.13
POM48180,1924,32.88958,-116.57607,1433
POM3737,1897,32.9084,-116.9261,146.82
POM126450,1896,33.04179,-116.86803,435.2
POM126453,1901,33.0782,-116.565,937.52
POM210106,1935,33.07822,-116.53295,780.99
POM73427,1906,33.0787,-116.602,1220
POM46977,1919,33.18032,-116.76919,1021
POM305712,1939,33.23906,-116.69116,869.59
CDA20118,2003,33.283333,-116.887778,834.32
POM155815,1903,33.30764,-117.25945,200.88
POM73920,1882,33.37642,-117.25115,205.3
POM289751,1932,33.4667,-117.1362,549
CLARK-A1656-623,1978,33.5615,-116.5704,1493.52
POM305648,1939,33.6401,-116.8018,897.85
POM264311,1937,33.647222,-117.337222,378.7
POM13005,1922,33.701,-116.7105,1524
POM3455,1897,33.707306,-117.084694,449.18
CHSC699,1940,33.708611,-117.082778,450.36
POM258226,1941,33.7996,-116.9277,521.37
JEPS29295,1962,33.8155,-117.5448,304
POM347132,1926,33.876448,-117.687658,119.58
POM126470,1908,33.9382,-117.3195,421.16
CLARK-A1703-30,1966,33.9669,-117.347,213.36
CLARK-A1528-548,1937,33.9761,-117.2899,747.75
CLARK-A1528-2987,1947,33.9996,-117.2317,545.45
POM128992,1927,34.0039,-117.062,729.18
CLARK-A1528-5660,1952,34.0076,-117.2567,457.2
CHSC26054,1963,34.014722,-117.001389,1066
CHSC701,1938,34.039722,-117.193333,430.4
POM7063,1919,34.0872,-117.8135,274
POM126458,1908,34.113067,-117.291902,360
LA202608,1941,34.14330879,-118.4534229,244.13
IRVC15781,1978,34.1523,-116.4557,1067
POM73913,1882,34.152867,-118.121454,249.86
POM296771,1945,34.156915,-117.70179,549
POM347129,1971,34.230087,-117.469389,793
POM293455,1949,34.2325,-117.2953,1280
POM6534,1919,34.241699,-117.245801,1587.58
POM6902,1919,34.256719,-117.491796,989.71
CLARK-A1045-560,1977,34.2845,-117.1941,1524
CHSC61985,1993,34.338056,-118.864444,70
POM6554,1919,34.36844,-117.42656,1220
POM48804,1917,34.4267,-117.301,970.29
POM229166,1937,34.463112,-117.351939,976
GH93110,2006,34.473101,-117.124596,927.09
GMDRC7800,2015,34.781367,-115.652233,1309
GMDRC4298,2010,34.784483,-115.6598,1331
GMDRC7692,2015,34.784817,-115.664,1348
GMDRC9674,2017,34.80558,-115.67141,1350
GMDRC3694,2005,34.808067,-115.669467,1340
GMDRC9754,2017,34.80936,-115.65561,1280
GMDRC995,2001,34.819233,-115.647467,1229
POM7595,1920,34.980763,-115.506651,854
POM97174,1925,35.10194,-118.28429,610
POM118676,1924,35.3733,-119.0187,123.38
POM202997,1933,35.389973,-120.609057,308.5
POM307904,1941,35.501917,-119.273162,105.88
CHSC47108,1986,36.094167,-120.440556,304
POM199848,1932,36.2078,-119.3464,87.95
POM65806,1917,36.5156,-121.94211,18.81
JEPS1913,1919,36.570831,-119.611107,94.65
CHSC70018,1996,36.908056,-119.306667,533
CHSC70378,1986,36.940833,-121.027222,190
POM65372,1904,36.97088,-122.0212,3.41
CHSC55122,1986,36.975278,-121.053056,198
POM289748,1931,37.262715,-119.795053,518
POM249028,1938,37.393056,-120.007778,457
JROH5546,2013,37.401102,-122.230657,136
JROH2738,1976,37.407873,-122.245972,125.63
JROH2737,1903,37.4079,-122.246,125.63
JROH2740,1992,37.4079,-122.246,125.63
CHSC27746,1978,37.707778,-120.200833,502
CHSC59744,1979,37.814444,-120.311667,457
CAS-BOT-BC422397,2014,37.96388,-122.62416,344.58
CAS-BOT-BC263265,2012,37.96519,-122.61191,205.75
CHSC23125,1962,37.996389,-123.006111,152.05
CHSC14010,1974,38.176667,-120.391667,914
CHSC31076,1980,38.363333,-122.560278,225
CDA12056,1989,38.5,-122.4,250.71
CHSC57470,1990,38.543333,-123.292778,24
CHSC43316,1969,38.556111,-122.186944,243
POM263485,1939,38.5756,-122.4499,533.6
POM126457,1907,38.7525,-122.615,337.42
CHSC700,1947,38.891667,-121.291944,91
CHSC52401,1983,38.908056,-122.770278,528
CHSC40119,1985,38.932222,-123.307222,250.22
CHSC24140,1976,38.9425,-122.792222,546.51
CHSC27541,1978,38.9425,-122.792222,499
CHSC27799,1978,38.9425,-122.792222,463
CHSC27517,1978,38.9425,-122.792222,529
CHSC90100,1991,38.943056,-122.793333,579
HREC495,1952,38.989016,-123.079671,152
HREC492,1953,38.989016,-123.079671,264.7
CHSC14017,1974,39.011667,-122.366667,335
CHSC36121,1980,39.011667,-122.364444,321
CHSC59547,1992,39.036389,-122.692222,536
CHSC71117,1989,39.055833,-122.781389,396
CHSC90532,1997,39.1625,-122.615,762
CHSC12046,1970,39.198889,-121.795,121
CHSC24951,1976,39.233889,-123.370278,426
CHSC43315,1977,39.266389,-121.813056,45
CHSC32094,1973,39.395833,-121.361944,304
CHSC57471,1987,39.428056,-122.511111,304
CHSC55712,1991,39.480278,-122.5,122
CHSC81274,2001,39.491111,-123.789722,6
CHSC62467,1991,39.546667,-121.387778,295
CHSC31077,1980,39.550556,-121.380278,316
CAS-BOT-BC7219,1897,39.605797,-121.68332,53
CHSC116929,2011,39.610556,-121.561667,235
CHSC118643,2016,39.614167,-123.458611,469
CHSC697,1897,39.655,-121.584167,133.87
CHSC31306,1980,39.716389,-123.489444,506.94
CHSC4019,1967,39.729167,-121.702778,105.47
CHSC76944,1893,39.731667,-121.841667,60.58
CHSC2522,1958,39.732778,-121.834167,365
CHSC38460,1983,39.783333,-121.757222,297
CHSC77587,1999,39.793333,-122.591111,243
CHSC698,1904,39.830556,-121.810556,83
JEPS1483,1938,39.84641,-122.62066,319.5
CHSC83371,2002,39.8525,-122.618889,320
CHSC56643,1977,39.853056,-122.573333,300
CHSC88986,2000,39.880556,-121.894167,112
CDA11943,1989,39.883333,-123.55,780.02
CHSC9270,1971,39.891944,-121.918889,85
CHSC35982,1982,39.899444,-121.916944,100
CHSC116923,2011,39.91,-122.128611,66
CHSC4065,1967,40.163056,-122.256389,91
CHSC55499,1991,40.401111,-121.9775,365
CDA40359,2005,40.87725,-123.757889,962.15
CHSC26430,1977,41.728333,-123.892222,304
CHSC24930,1976,41.795833,-124.201944,9
CAS-BOT-BC95004,2006,35.981406,-121.235883,472
CDA40358,1985,36.817974,-119.345817,174.87
CDA40360,2011,34.354166,-119.05927,85.48
PASA2115,1930,35.291071,-118.627869,400.02
PGM5923,1956,36.359849,-121.605476,969.38
PGM5926,1963,35.860185,-120.583716,421.57
POM17609,1923,35.7377404,-120.0468061,264.87
POM17632,1923,35.129942,-118.439018,1219.54
POM318298,1971,35.706898,-118.737311,1037
POM3486,1909,34.126238,-117.713942,452.38
POM3510,1918,34.060978,-117.769445,254.98
POM3534,1916,34.097013,-117.709445,362.89
POM3739,1909,34.126238,-117.713942,452.38
POM97226,1925,33.242538,-116.647948,1037
POM97447,1925,35.627796,-119.0167,318.53
POM273280,1966,38.170973,-122.123564,4.35
POM289746,1928,38.887586,-123.064153,549
POM65260,1902,38.33325,-123.048057,14.7
HSC79847,1971,34.265292,-117.843992,610
POM184665,1932,34.379062,-118.159504,1524
POM214383,1932,34.08546,-118.503724,457
POM3470,1906,34.126238,-117.713942,366
POM3509,1918,33.949625,-117.780364,338.73
POM3611,1916,34.096924,-117.707345,364.37
POM3619,1909,34.214863,-117.718405,1210.33
POM49021,1924,34.235426,-117.188881,1524
POM8272,1920,34.089922,-118.603534,152
POM97180,1925,32.890148,-116.44901,1524
PGM1065,1971,36.361806,-121.552704,555.71
PGM1097,1973,36.107751,-121.047864,127.38
PGM3838,1990,36.884011,-121.730164,16.9
POM125920,1920,36.156686,-121.168825,158.07
POM181492,1923,39.865397,-121.71493100000001,414.35
POM196283,1928,37.980757,-121.047996,30
POM216812,1933,38.488905,-122.697259,239.76
POM216813,1934,38.203895,-120.375539,1029.36
POM225897,1929,36.990852,-119.430329,457
POM226856,1914,37.413787,-122.192403,47.4
POM289745,1930,37.428502,-122.170746,91
POM289749,1932,37.02413,-119.933904,244
POM318982,1965,34.483263,-119.781818,305
POM320432,1972,38.544747,-122.160482,274
POM346565,1971,39.004237,-122.762016,427
POM65271,1902,37.404062,-122.180243,140.2
POM65284,1903,37.797656,-122.465372,79.75
POM65315,1906,37.719608,-122.492317,5.25
POM65318,1898,38.619855,-122.858861,49.25
POM88220,1925,37.076334,-120.192949,77.06
POM88642,1925,36.489982,-121.200137,666.78
RSA75878,1925,32.59699,-116.65411,686
RSA421497,1938,32.8433,-116.4806,1503.53
RSA421498,1925,32.87988,-116.45768,1656.74
RSA421367,1929,32.99264,-116.56513,1407.68
RSA421370,1947,33.1992,-116.5986,1067
RSA75880,1930,33.2417,-116.7631,854
RSA12318,1934,33.26802,-117.17116,122
RSA69060,1938,33.27763,-116.85549,1050
RSA668058,1957,33.31277,-116.86427,1646
RSA69363,1951,33.33853,-116.8983,1372
RSA43793,1949,33.34176,-116.90197,1425.36
RSA305715,1973,33.361789,-118.416738,244
RSA75875,1929,33.37724,-116.81395,1296
RSA587321,1995,33.3966,-116.973,1049
RSA763963,2010,33.416944,-116.827222,754
RSA421368,1945,33.42605,-116.8679,610
RSA613142,1997,33.4384,-117.0758,396
RSA421337,1973,33.459167,-116.907222,426
RSA523544,1990,33.464167,-116.956944,488
RSA5018,1932,33.473333,-117.315833,457
RSA543739,1991,33.476667,-116.870556,600
RSA524475,1990,33.5,-116.966667,610
RSA522735,1990,33.5025,-116.998611,396
RSA191997,1960,33.5028,-117.3433,669.29
RSA180273,1965,33.5051,-117.2834,627.12
RSA191996,1959,33.5068,-117.3643,599.21
RSA523514,1990,33.5363,-116.9537,701
RSA421345,1947,33.55,-117.395,762
RSA12926,1935,33.5963,-117.4647,762
RSA645309,2000,33.60533,-117.42316,677.96
RSA75874,1929,33.6093,-116.9354,793
RSA421340,1969,33.62205,-116.9371,335
RSA262102,1971,33.625,-117.375,1220
RSA483609,1988,33.63742,-116.70553,1677
RSA606291,1994,33.6382,-117.0313,660
RSA421339,1929,33.6804,-116.9711,502.33
RSA421335,1929,33.6814,-117.3608,387.4
RSA673728,2000,33.683333,-116.716667,1616
RSA496740,1988,33.704167,-117.28,488
RSA444484,1966,33.707306,-117.084694,449.18
RSA421331,1929,33.7181,-117.3896,391.32
RSA749469,1999,33.729722,-117.6575,396
RSA751918,2009,33.733333,-116.766667,1159
RSA421356,1955,33.7486,-117.5827,565.87
RSA421355,1929,33.758333,-117.494444,360.7
RSA421336,1929,33.7734,-116.7064,1677
RSA699273,1934,33.7806,-117.5871,887.49
RSA688918,2003,33.783333,-117.5,305
RSA736311,2008,33.8,-117.491667,274
RSA556434,1993,33.875,-117.1125,476
RSA615,1928,33.894589,-117.692445,244
RSA421334,1929,33.9092,-116.9646,808.8
RSA776228,2011,33.95674,-116.66391,762
RSA770697,2010,33.97288,-116.65146,610
RSA783108,1962,33.975,-117.2926,777
RSA421301,1902,33.995556,-119.715,1220
RSA770860,2010,34.01961,-116.668175,823
RSA772121,2010,34.02559,-116.69098,915
RSA768634,2010,34.04398,-116.71046,1188
RSA608634,1931,34.077121,-117.766439,321.35
RSA784260,1962,34.077884,-116.967137,1585
RSA652202,1940,34.08863,-117.18224,457
RSA421328,1929,34.091961,-118.601916,232.21
RSA79215,1952,34.129214,-117.742285,427
RSA421311,1928,34.130668,-117.719666,451.22
RSA250674,1971,34.134621,-117.731194,549
RSA421327,1925,34.135232,-118.438645,351.56
RSA489150,1988,34.1477,-116.4187,1128
RSA421313,1903,34.152867,-118.121454,249.86
RSA598950,1970,34.159237,-117.827908,412
RSA421268,1949,34.16018,-117.79704,854
RSA752003,2009,34.16294,-116.96795,1534
RSA233474,1969,34.1632,-117.6823,701
RSA276027,1974,34.163329,-117.781409,549
RSA81004,1952,34.1647,-116.4226,1220
RSA662611,1994,34.165664,-117.769058,457.09
RSA421316,1929,34.16667,-118.23342,229.41
RSA182182,1963,34.167795,-117.68615,808
RSA780656,2010,34.16851,-116.96044,1462
RSA226234,1971,34.171076,-117.828525,652.07
RSA656110,1985,34.171111,-116.988889,1159
RSA346567,1971,34.176391,-117.754213,480
RSA222969,1971,34.1773,-117.5361,915
RSA421482,1976,34.18511,-117.1419,1159
RSA764824,2009,34.186072,-117.523128,850
RSA66658,1924,34.1862,-117.6608,1019.67
RSA751393,2009,34.19115,-116.91871,1701
RSA247113,1966,34.195566,-118.022342,610
RSA597259,1968,34.2034,-117.487,1433
RSA421297,1963,34.203646,-118.043156,1159
RSA336454,1978,34.204211,-117.143464,500
RSA75881,1924,34.204263,-117.124695,1524
RSA346564,1971,34.206467,-117.455133,793
RSA721505,1995,34.208866,-117.666543,1220
RSA575409,1993,34.209167,-117.508611,1622
RSA29712,1932,34.214154,-117.667245,1113
RSA656407,1958,34.214438,-117.457673,732
RSA584043,1992,34.220266,-117.716422,1317
RSA733768,2000,34.223611,-117.901944,1384
RSA421366,1949,34.247872,-117.315236,1372
RSA584034,1991,34.249167,-117.801667,841
RSA421485,1932,34.256449,-117.219894,1524
RSA660848,1988,34.283344,-118.120515,1873.97
RSA309677,1979,34.283611,-117.344722,1037
RSA607025,1968,34.284317,-117.864724,1280
RSA554412,1992,34.286667,-117.185833,1463
RSA421377,1979,34.2909,-118.1705,915
RSA554391,1992,34.3,-117.216667,1494
RSA607224,1968,34.300557,-117.979918,1128
RSA650055,1974,34.30864,-117.32091,1037
RSA421495,1930,34.31497,-117.354998,1003.2
RSA421360,1949,34.3252,-117.4284,823
RSA421361,1934,34.3252,-117.4284,1220
RSA333764,1980,34.325556,-117.267222,976
RSA75884,1925,34.32692,-118.502841,381
RSA296798,1947,34.36437,-117.50296,1402
RSA421483,1929,34.3735,-117.6129,1067
RSA31814,1946,34.378,-119.299,121.44
RSA421302,1940,34.3785,-118.5286,610
RSA725200,2005,34.42548,-117.80429,1444
RSA589117,1992,34.429,-117.8374,1207
RSA616268,1998,34.433333,-118.35,579
RSA618787,1973,34.449722,-118.158333,945
RSA252917,1973,34.451769,-117.764984,1280
RSA771945,1973,34.457427,-117.81411,1159
RSA588054,1994,34.4662,-118.0305,1113
RSA421373,1944,34.498,-119.241,1307.49
RSA597821,1969,34.499427,-118.061306,1092.87
RSA421378,1933,34.511496,-118.346151,737.96
RSA44096,1947,34.519061,-119.361637,604.69
RSA611655,1998,34.543278,-118.159056,976
RSA509552,1989,34.583333,-118.166667,884
RSA579473,1994,34.610556,-118.571944,668
RSA595452,1995,34.611667,-118.326111,1098
RSA240754,1973,34.618611,-118.415556,1143
RSA599257,1997,34.687167,-118.662278,914
RSA600077,1997,34.691417,-118.55475,1341
RSA592849,1996,34.691667,-118.55,1524
RSA580464,1994,34.691944,-118.604167,1317
RSA599470,1997,34.692417,-118.604222,1317
RSA421312,1929,34.693645,-118.415685,1030.13
RSA598890,1997,34.696556,-118.4625,1183
RSA597768,1997,34.74125,-118.717194,1213
RSA747646,2009,34.942661,-119.381445,1089
RSA421287,1907,35.0142,-118.5999,1011.91
RSA421292,1930,35.3733,-119.0187,123.38
RSA421286,1973,35.381944,-118.553611,915
RSA730888,2008,35.418611,-118.256111,1372
RSA713429,2006,35.441917,-120.310267,492
RSA750477,1985,35.6,-118.458333,1000
RSA421285,1938,35.6319,-118.812,902.85
RSA346566,1971,35.705585,-118.752627,1006
RSA605958,1935,35.724,-120.296,457
RSA721842,1937,35.76889,-119.24611,96.15
RSA77919,1952,36.177229,-118.796146,457
RSA113487,1955,36.2742,-121.5045,1311
RSA651289,1981,36.324722,-117.028889,918.62
RSA603648,1944,36.5156,-121.94211,18.81
RSA381419,1971,36.906227,-119.268642,442
RSA421351,1933,37.217168,-119.905438,288.88
RSA15266,1927,37.404068,-122.236617,113.8
RSA51250,1950,37.7147,-122.3908,76
RSA733621,1946,38.38984,-122.2023,297.86
RSA2478,1922,38.978,-122.8394,421.73
RSA296068,1935,38.978,-122.8394,421.73
RSA114997,1955,40.92292,-123.80674,335
RSA33408,1929,40.991,-124.105,56.09
RSA0113523,1938,33.881957,-117.548428,189.32
RSA29514,1954,34.985478,-119.43092,792.67
RSA3166,1932,33.784628,-117.723532,305
RSA359870,1986,33.807061,-117.350257,610
RSA418541,1978,36.509391,-119.02094,159
RSA421300,1932,34.14047,-117.716689,412
RSA421307,1917,34.314575,-118.559156,734.67
RSA421308,1917,34.015013,-118.286464,51.74
RSA421315,1890,34.049958,-118.246432,84.96
RSA421317,1922,33.999778,-118.400586,10.29
RSA421318,1884,34.021979,-118.285396,56.26
RSA421322,1933,33.956448,-118.442286,21.61
RSA421324,1920,34.063586,-117.84359,305
RSA421329,1938,33.758389,-118.348468,360.81
RSA421357,1935,33.653539,-117.673768,212.31
RSA48449,1949,34.170985,-117.715707,1195.7
RSA49732,1949,35.36294,-118.553935,1280
RSA518016,1986,34.498992,-117.665806,1033.99
RSA59320,1950,34.985843,-119.432436,457
RSA608053,1931,36.916906,-121.539823,52.2
RSA610229,1997,33.541016,-117.591206,122
RSA652199,1969,34.168751,-117.690003,862.31
RSA652200,1961,34.219464,-118.06333,1573.36
RSA652201,1937,34.110821,-118.413733,239.44
RSA717060,2006,34.778287,-118.806119,1037
RSA746616,2009,34.891097,-119.454413,905
RSA783266,1962,33.586613,-116.63299,1448
RSA783331,1958,34.182068,-117.637243,1143
RSA785870,1954,34.08781,-117.799673,457
RSA785871,1966,34.301019,-117.220389,1494
RSA785873,1974,35.738164,-118.556322,1067
RSA101011,1950,37.595973,-122.426359,136.4
RSA10994,1928,38.941215,-123.07794,157.53
RSA15373,1927,37.906037,-122.544976,25.39
RSA421376,1929,37.924035,-122.596888,785.44
RSA74751,1951,41.172575,-123.918349,669.81
RSA75877,1926,37.84061,-122.55191,0.47
RSA79378,1952,40.449214,-123.499678,915
RSA156323,1902,34.17036,-118.044237,914
RSA191096,1967,34.195283,-118.023956,762
RSA225716,1971,34.158869,-117.924355,274
RSA274234,1978,36.046125,-117.77019,1488
RSA33902,1945,34.026804,-116.87492,1220
RSA421304,1973,34.496382,-118.325635,610
RSA421375,1932,34.2167,-118.05,762
RSA421484,1932,34.444162,-118.20952,776.31
RSA421496,1931,34.348612,-117.614777,1826.22
RSA421499,1944,33.335784,-116.866525,1555
RSA588711,1990,33.652863,-117.460629,994
RSA588783,1990,33.64673,-117.44303,750
RSA646981,2000,34.208727,-118.246446,518
RSA75867,1920,34.207197,-118.085277,732
RSA75883,1921,34.332174,-118.008084,960
RSA101759,1950,36.152153,-118.743485,549
RSA10643,1928,38.66901,-122.631993,1307.82
RSA120045,1904,37.318065,-122.180459,574.9
RSA124603,1956,36.661265,-120.141247,56.01
RSA128920,1950,38.373479,-122.715461,152
RSA131587,1953,35.95488,-120.306164,610
RSA132968,1933,36.29884,-121.568406,1318
RSA14384,1895,37.382998,-122.400252,52.04
RSA15112,1935,38.001318,-122.996942,91.1
RSA15640,1928,36.429917,-120.669105,732
RSA171992,1963,35.813785,-121.059845,335
RSA195363,1967,38.703874,-122.41859,213
RSA329566,1966,33.574005,-116.978325,558.57
RSA40756,1948,39.613317,-122.572372,243.8
RSA421299,1932,34.727671,-118.490474,976
RSA421347,1929,37.881837,-121.914268,1167.13
RSA421348,1929,36.61074,-119.464036,91.66
RSA421349,1930,36.040373,-120.264368,296.55
RSA421350,1967,38.091625,-122.930045,2.79
RSA585893,1993,35.737402,-120.8047,228.97
RSA603259,1940,35.358142,-120.232766,653.24
RSA696598,1953,35.121676,-120.582485,305
RSA75876,1926,38.972954,-123.116392,153.07
RSA798418,1995,36.081769,-121.273288,360
RSA88888,1953,36.903727,-119.290945,381
SBBG6145,1937,33.0124,-116.5613,1424.68
SEINET7072858,1963,33.1117,-116.602,1217.05
SD176710,2006,33.2395,-116.6631,900
UCSC009129,2015,33.2923,-116.8283,1428
SD262013,1917,33.38229,-117.28723,245
SEINET7067555,1947,33.4886,-117.2544,283.57
SEINET7063438,1947,33.5757,-116.9849,561
SEINET7073387,1963,33.6637,-117.2864,413.8
SEINET7073396,1963,33.6641,-117.2692,439.81
SEINET7063415,1947,33.6849,-117.2032,434
VVC259,1995,34.0975,-117.09722,732
SD113486,2015,34.122,-117.7176,431.14
SEINET5791646,1882,34.147785,-118.144516,263.32
SEINET3091596,1974,34.203,-117.09074,1835.91
SBBG27701,1967,34.251,-117.183,1615
SBBG127047,2011,34.2785,-118.072,1665
SBBG125441,2010,34.2795,-118.027,1295
SEINET3156484,1950,34.3442,-118.5313,335
SBBG82159,1955,34.386,-119.3804,338
SBBG122441,2000,34.4106,-119.2432,304
SBBG133171,2009,34.422,-119.794,30
SBBG64772,1929,34.4227,-118.5409,355.08
SBBG6144,1939,34.426,-117.3,969.94
SBBG48273,1973,34.4293,-119.706,45.32
SBBG64803,1928,34.442,-119.701,209.71
SBBG122480,1995,34.4535,-118.849,670
SBBG64777,1945,34.469,-119.231,452.44
SBBG39007,1966,34.48,-119.564,676.65
SBBG17321,1963,34.486,-119.5638,609
SBBG122442,2000,34.5192,-118.7639,502
SBBG82630,1956,34.521,-119.915,914
SBBG64807,1925,34.5235,-119.7933,887.96
SBBG82201,1947,34.601,-120.028,201.64
SBBG82469,1955,34.6515,-120.3135,167.92
SBBG114359,2001,34.694,-118.857,1021
SBBG82202,1956,34.7216,-119.9494,1355.26
SBBG124298,2003,34.733,-118.88,1188
SBBG64792,1929,34.7438,-119.985,1370.23
SBBG23031,1965,34.7558,-119.9827,1127
SEINET7072453,1963,34.7688,-120.5109,198.4
SBBG82204,1957,34.774,-119.642,1597.19
SBBG82157,1955,34.7832,-120.0169,1082.91
SBBG82606,1953,34.844,-120.45,126.43
SBBG114372,1998,34.895,-119.413,1219
SBBG82629,1963,34.941,-120.2073,358.32
SBBG24491,1966,34.942,-120.1995,457
SBBG82149,1967,35.0026,-120.2041,276.79
SEINET7063686,1947,35.1441,-120.3535,241
UCR97948,1997,35.405,-120.26,564
SBBG82088,1950,35.422,-119.931,1066
SBBG110918,1995,35.903,-121.132,300
SBBG113301,1995,36.0802,-121.2721,340
SD44664,1951,36.1291,-121.5213,762
SEINET10697901,2000,36.62777,-121.72972,60
SJSU15867,2016,37.15769,-121.88555,757
YM-YOSE117409,1967,37.5277643,-119.6413028,1219
SEINET7096613,1947,37.98297,-120.43433,591.01
SEINET7067240,1947,38.3111,-123.065,73.74
UCD83901,2010,38.984444,-122.480833,330
UC24254,1898,39.78802,-123.238846,419.52
SBBG6129,1939,40.356,-123.923,51.82
SEINET10780803,1935,37.88673,-122.236807,347.78
SEINET5521015,1967,38.21912,-119.88124,509
SEINET5521017,1962,39.050159,-120.879326,335
SEINET5521018,1959,39.223269,-120.771519,1829
SEINET5521019,1959,38.728917,-120.806083,549
SEINET5521020,1942,38.673621,-121.272172,70
SEINET5521021,1930,38.883263,-121.190184,236.43
SEINET5521022,1959,38.825277,-121.33996,49
SEINET5730453,1973,38.444514,-122.399423,40.64
SEINET5730455,1967,39.582802,-122.936036,1829
SEINET6971729,1955,33.667842,-117.587278,338.32
SEINET6971731,1955,32.555033,-117.019095,149.15
SEINET6971732,1955,36.142745,-118.804013,326.96
SEINET7040096,1963,35.903059,-120.689727,447.55
SJSU1031,1950,37.334191,-121.70999,460.26
SJSU8553,1975,38.096823,-122.963802,17.69
SJSU960,1948,37.25707,-122.1186,775.18
UC619287,1898,38.381127,-122.426041,331.58
UCD23396,1977,38.434793,-122.173595,298.12
UCD23404,1977,38.824016,-122.352255,304
UCSC000577,1989,35.467026,-120.327669,411.83
UCSC002111,1995,36.682896,-121.775596,41.78
UCSC004272,2004,37.065622,-122.232447,138.16
UCSC005030,2007,37.065467,-121.997358,201.02
UCSC000578,1979,38.407778,-122.471441,671
UCSC003914,1948,36.454369,-121.694721,610
SBBG6138,1940,37.951149,-122.595564,229.37
SEINET5521026,1955,38.989438,-121.068311,549
UCSC005047,1989,37.054348,-122.009877,174.7
UCSC007570,1989,37.071684,-122.231723,43.36
UCSC007610,2004,37.066616,-122.244083,157.07
SBBG15862,1935,34.12862,-118.23563,242.74
SBBG15951,1935,34.193639,-118.252672,606.43
SBBG46905,1942,34.448988,-119.731709,98.57
UCSC000895,1968,33.676265,-117.518112,533.92
SEINET5521034,1976,37.88926,-121.869688,122
SEINET10814721,1897,39.655906,-121.634899,213
UCSC009417,2015,36.616616,-121.720933,75.29
COLL-SD199224,2007,32.99873,-116.5696,1409
CSUSB91439,1966,33.08,-116.64139,1159
COLL-SD185718,2002,33.22,-116.6,1135
BSCA0945,1985,33.35175,-116.55051,1586.29
CSUSB91444,1975,33.74366667,-117.1144722,543
CSUSB91441,1965,33.83022222,-117.478,324
CSUSB91443,1966,33.94616667,-117.3796389,305
CSUSB91442,1966,33.98319444,-117.3068056,274
CSUSB91440,1966,34.02444444,-117.93875,213
CSUSB91438,1966,34.18466667,-117.5817778,1115.67
CSUSB90239,1977,34.23988889,-117.5268889,1711.63
CSUSB90327,1978,34.23988889,-117.5268889,1711.63
CSUSB90466,1976,34.23988889,-117.5268889,1711.63
CSUSB91437,1979,34.24738889,-117.2643889,1433
CSUSB93838,2014,34.31168,-117.4626,1200
AHUC100006,1949,38.038573,-120.456538,305
AHUC100007,1952,36.677055,-119.391129,122
AHUC100004,1941,37.479049,-120.031164,610
AHUC100008,1955,39.001841,-123.084724,254.64
AHUC100005,1941,37.455256,-120.070729,610
AHUC100009,1977,39.500373,-123.789098,4.42
AHUC100010,1940,36.810227,-119.38207,164.15
AHUC100011,1940,38.505108,-122.083495,214.06
JEPS1495,1933,33.5691,-116.5055,1358.7
LOB115765,1972,33.594332,-117.487955,305
LOB115764,1970,33.602245,-117.460321,366
LOB115763,1975,33.61255,-117.430611,607.28
JEPS3135,1927,33.7327,-116.7118,1676
JEPS1893,1908,33.74,-117.53,1052.61
DAV300331,1975,33.7627,-117.4655,335
DAV300368,1952,33.78999,-117.22652,443
LOB100072,2018,33.7969,-117.607,1130
LOB115754,2016,33.89014,-116.69586,515
DAV300340,1933,33.98152,-117.29485,612.95
DAV300371,1964,34.0457,-116.6202,884.78
JEPS1517,1928,34.134533,-118.30477,371.53
IRVC100600,2005,34.14472,-116.45222,1250
DAV300392,1974,34.167795,-117.68615,732
DAV300393,1993,34.188765,-117.273261,600
DAV300338,1961,34.193742,-117.676792,762
DAV300404,1971,34.201929,-117.5519,1223.71
DAV300395,1962,34.27027,-117.18365,1585
DAV300346,1945,34.4575,-119.6915,305
DAV300394,1978,34.512875,-118.236764,988
DAV300356,1980,34.766905,-118.857918,1169.59
JEPS1803,1941,34.77,-115.683,1371
JEPS1914,1927,35.1125,-118.43611,1258.69
DAV300344,1993,35.207474,-119.866929,589.53
DAV300372,1993,35.212387,-118.545448,1676
JEPS1492,1935,35.388786,-118.793434,287.08
DAV300334,1974,35.440416,-120.287907,460.96
JEPS79245,1980,35.970917,-119.3725,83
JEPS1493,1938,36.403248,-120.672295,914
JEPS3134,1915,36.47714,-118.85665,396
JEPS1912,1907,36.704,-118.957,1528.42
JEPS1796,1929,36.968315,-119.61253,198
JEPS81922,1983,37.083332,-122.25,76
JEPS82016,1983,37.083332,-122.25,85
JEPS82021,1983,37.083332,-122.25,97
JEPS1488,1938,37.121006,-119.77128,762
JEPS30298,1961,37.130318,-119.49819,405.14
JEPS1498,1933,37.26333,-121.87528,106
DAV300349,1967,37.619072,-121.864916,195.22
DAV300366,1958,37.66423,-120.46039,68.48
JEPS1916,1891,37.7198,-122.49132,5.66
JEPS127095,2016,37.807453,-121.746961,160
JEPS25353,1959,37.86474,-121.679,60
DAV300397,2002,37.866667,-121.883333,890
JEPS3131,1931,37.900337,-121.9519,304
JEPS3129,1917,37.90611,-122.54389,25.81
JEPS1487,1939,37.920685,-122.62479,545.27
JEPS3067,1916,37.95333,-120.42167,457
JEPS77206,1963,37.961857,-122.62954,274
JEPS111846,2005,37.984165,-122.202774,250
DAV300362,1931,38.073889,-122.926944,78.49
JEPS3117,1915,38.07775,-120.367325,1005
JEPS35787,1964,38.28706,-122.49319,35
DAV300345,1973,38.312739,-123.064749,45.4
DAV300386,1975,38.374167,-122.281111,61
JEPS110841,1977,38.3801,-122.2904,121
JEPS110847,1982,38.3801,-122.3087,20
DAV300389,1988,38.426644,-122.558797,134.9
DAV300405,1995,38.433333,-122.166667,250
DAV300383,1993,38.436744,-122.514134,365.79
DAV300399,1993,38.437955,-122.498336,381
DAV300387,1993,38.442184,-122.527836,366
JEPS21155,1936,38.4456,-120.8816,243
DAV300406,2000,38.492222,-121.686667,12
JEPS110848,1998,38.4957,-122.5283,579
DAV300369,1945,38.5017,-122.02626,72.24
DAV300354,1967,38.52235,-122.21685,168
DAV300400,2012,38.561667,-122.403333,388
DAV300363,2006,38.578333,-122.460556,526
JEPS3962,1938,38.57889,-120.84417,253.16
JEPS110845,1994,38.5824,-122.4002,228
DAV300374,2007,38.588833,-122.124167,703
JEPS110844,1996,38.6113,-122.3819,184
JEPS110846,1998,38.6113,-122.4002,182
DAV300335,1972,38.6151,-122.4282,218.93
DAV300328,1995,38.616667,-122.383333,175
DAV300388,1998,38.638058,-122.681057,110
DAV300390,1975,38.71519,-123.454453,35.63
DAV300325,1962,38.72944444,-121.3972222,20
DAV300401,2011,38.749444,-121.024444,305
DAV300355,2015,38.754721,-122.294593,242
DAV300379,1977,38.75949316,-122.2648256,137
DAV300385,1975,38.799444,-122.830833,701
DAV300359,1974,38.799444,-122.830833,701
DAV300361,1975,38.830833,-122.768889,945
DAV300358,1975,38.838333,-122.769722,792
DAV300360,1975,38.840278,-122.627222,579
DAV300378,1975,38.845556,-122.938889,610
DAV300324,2006,38.8625,-122.358639,467
DAV300384,2013,38.999722,-122.803333,562
DAV300357,1954,39.003333,-123.0875,240
JEPS3136,1915,39.006634,-122.00778,20.52
JEPS2989,1908,39.006634,-122.00778,20.52
DAV300342,1981,39.03859,-122.74535,422.49
DAV300391,1990,39.049172,-121.065829,366
DAV300407,1995,39.083333,-120.883333,400
DAV300350,1965,39.156849,-121.635633,18.7
JEPS3118,1892,39.20333,-121.18417,422.71
JEPS3130,1891,39.2251,-121.81401,354.43
DAV300364,2013,39.228333,-121.776667,272
JEPS94183,1998,39.3743,-122.46,472
DAV300367,1962,39.598253,-121.557489,376.7
JEPS107354,2005,39.833054,-121.7175,236
JEPS1918,1911,39.92731,-122.17976,83.66
HSC201520,1980,40.1708333,-123.377222,701
HSC201528,1979,40.3341111,-123.385722,853
JEPS1496,1934,40.50722,-123.49611,1656.29
JEPS1909,1911,40.58667,-122.39056,172.4
HSC201471,1980,40.9122222,-123.666667,1128
JEPS1906,1937,41.84556,-123.96833,152
JEPS1879,1938,41.84556,-123.96833,45
JEPS1881,1938,41.95361,-124.20139,7
IRVC100599,2006,34.032821,-116.591306,732
DAV300343,1985,39.223224,-121.781083,213
DAV300327,1989,38.442966,-120.630763,107
DAV300398,1970,38.197847,-120.36173,732
DAV300326,1942,39.052722,-122.780856,430.89
DAV300330,1978,34.224522,-118.276285,549
DAV300370,1932,37.262134,-119.792083,549
DAV300373,1966,40.735598,-123.019736,640
DAV300376,1962,38.488452,-122.019066,244
DAV300377,1951,38.515124,-122.287186,383.6
DAV300333,1973,36.917761,-119.318577,419.7
DAV300336,1959,38.828068,-120.96957,221.58
DAV300337,1963,38.520773,-120.434123,914
DAV300341,1965,36.580345,-119.22089,160
DAV300351,1998,38.438545,-122.182711,267.81
DAV300353,1928,38.577684,-122.207197,134.92
DAV300352,1961,39.046151,-122.376161,385.33
DAV300382,1947,38.490438,-122.292395,308.88
DAV300396,1957,38.255394,-122.13783,89.69
DAV300380,1998,38.616673,-122.395984,187
HSC201463,1970,38.254916,-120.580505,488
HSC201485,1962,41.040735,-124.114973,72.1
HSC201499,1962,41.040735,-124.114973,72.1
HSC201517,1928,38.70963,-120.324361,1608.62
HSC201515,1966,40.780043,-123.474209,879.83
HSC201486,1962,41.040735,-124.114973,122
HSC201483,1926,41.031631,-123.985754,115.53
HSC201521,1930,40.44153,-123.671426,793
HSC201465,1926,40.442365,-123.588091,1567.44
HSC201507,1960,41.109311,-123.872887,915
HSC201516,1968,40.88479,-123.545518,210.63
HSC201541,1965,40.839024,-123.711997,1518.46
HSC201509,1948,40.8743,-123.732832,1503.96
HSC201476,1964,33.77934,-117.488697,312.08
HSC201513,1963,38.53394,-122.338802,305
HSC201464,1967,36.943071,-119.678682,152
HSC201502,1964,39.111008,-122.982799,427
HSC201523,1930,38.7,-122.6,762
HSC201518,1928,39.177603,-122.727745,645.13
HSC201467,1963,35.486922,-120.679522,302.69
HSC201466,1968,34.554746,-119.768696,335
HSC201474,1963,36.583549,-121.755715,222.76
HSC201498,1962,41.049553,-124.127482,8.13
HSC201488,1965,39.128423,-123.130606,335
HSC201481,1962,38.536045,-123.061475,267.71
HSC201478,1970,40.845644,-123.472281,244
HSC201539,1973,38.987482,-123.695888,12.35
HSC201540,1971,38.89465,-123.198056,260.6
HSC201532,1973,40.862986,-123.475513,244
HSC201531,1972,40.828324,-123.534521,871.48
HSC201461,1973,40.862986,-123.475513,244
HSC201468,1974,39.024017,-122.668153,427
HSC201487,1974,41.275993,-124.005114,549
HSC201538,1973,39.630159,-123.171142,640
HSC201535,1973,39.603436,-123.178665,722.83
HSC201525,1975,38.84782,-122.72166,762
HSC201480,1975,38.700872,-122.865825,59.63
HSC201489,1975,41.101216,-124.161654,30
HSC201496,1975,40.516446,-123.618736,806.6
HSC201514,1975,39.104266,-122.97056,915
HSC201477,1975,40.851655,-123.470832,310
HSC201510,1975,39.08669,-122.949382,534
HSC201472,1975,39.741501,-123.630439,415
HSC201530,1976,41.147175,-123.879375,854
HSC201529,1976,38.875068,-122.42291,671
HSC201494,1976,40.554285,-123.840366,811.07
HSC201462,1975,35.971903,-121.313541,183
HSC201497,1971,40.986569,-123.794532,961.56
HSC201503,1974,40.474215,-123.655588,804.52
HSC201475,1978,39.17371,-122.941852,396
HSC201469,1978,41.020073,-123.637811,183.44
HSC201479,1979,39.489528,-123.791943,12.37
HSC201470,1979,40.845874,-123.481744,305
HSC201533,1973,35.180432,-120.619805,61
HSC201534,1976,39.297657,-123.094188,549
HSC201512,1980,39.079846,-122.538536,460.22
HSC201495,1977,40.499985,-123.574869,915
HSC201537,1977,40.516829,-123.619694,854
HSC201493,1983,40.89363,-123.772583,823
HSC201505,1987,40.785563,-123.550963,400
HSC201473,1967,39.089074,-122.41774,91
HSC201526,1980,39.816944,-123.222825,427
HSC201527,1980,38.841573,-123.253286,335
HSC201482,1983,38.920757,-123.092153,274
HSC201504,1986,41.054505,-124.150825,61
HSC201492,2005,40.83404,-123.71318,1375
HSC201484,2007,40.83404,-123.71318,1410
HSC201506,1995,40.769603,-123.550418,455.61
JEPS60186,1969,33.506209,-116.941516,529.93
JEPS18372,1957,32.83977,-117.252259,124
JEPS1793,1922,34.368063,-117.356977,1119.6
JEPS83176,1982,36.366405,-121.543886,833.7
JEPS1794,1920,33.180103,-116.438198,1331.74
JEPS1878,1893,38.582299,-122.446363,540.19
JEPS1885,1919,38.429077,-122.24803,523.73
JEPS1490,1938,35.618946,-118.49184,762
JEPS1889,1917,33.193319,-116.765241,1021
JEPS2990,1908,33.835293,-117.914504,48.53
JEPS1480,1940,38.403649,-122.360908,29.92
JEPS1518,1928,34.17445,-117.989788,351.04
JEPS1494,1938,37.211165,-121.906937,152
JEPS76985,1963,37.99403,-122.997099,-2.12
JEPS3127,1920,36.506083,-121.886798,222.51
JEPS1491,1938,37.338775,-120.123931,457
JEPS1804,1919,34.2833,-117.45,685
JEPS1911,1901,38.356577,-121.987744,53.22
JEPS1486,1884,38.378646,-121.981059,48.6
JEPS45200,1961,37.663543,-120.463529,75.71
JEPS1797,1922,38.434818,-121.984531,60
JEPS1478,1939,33.875294,-117.566438,207.13
JEPS1791,1934,40.329249,-123.989136,975
JEPS110862,1995,38.449601,-122.438624,108
JEPS1477,1933,38.365117,-122.915008,6
JEPS1890,1932,34.098594,-116.504526,1524
JEPS1476,1922,32.687483,-117.244128,101.82
JEPS3132,1919,37.319244,-121.699948,421.34
JEPS1805,1918,34.205088,-118.165838,609
JEPS85033,1969,38.389309,-122.247297,457
JEPS1497,1928,34.196199,-118.023023,663.93
JEPS1481,1935,33.396655,-116.781011,838
JEPS110843,1997,38.504761,-122.392783,103
JEPS104716,1938,37.65632,-121.487167,350
SD00010586,2012,32.5365,-117.10306,85
SD00010592,2008,32.53722,-117.105,70
SD00010634,2008,32.5375,-117.10194,27
SD00010554,1936,32.54362,-117.08315,9.07
OBI106058,1954,32.5962,-116.545,732
SD00010556,1935,32.59816,-116.64312,564.12
SD00010611,1941,32.5987,-116.50384,708.61
SD00008034,1983,32.63057,-116.0937,1158
SD00008033,2001,32.63482,-116.09537,1046
SD00010534,2003,32.63889,-116.34556,1123
SD00010538,1941,32.65127,-116.38252,976.99
SD00010547,1935,32.6589,-116.1008,892.39
SD00010545,2003,32.66361,-116.22167,870
SD00010612,1938,32.66367,-116.27363,1019.72
RSA0011369,2013,32.6639,-116.14568,1033
SD00010582,2012,32.66724,-116.4419,970
SD00010639,2007,32.67444,-116.74806,656
SD00010638,2007,32.67636,-116.51032,963
SD00010656,2005,32.67861,-116.86,270
SD00010526,2017,32.68267,-116.69306,700
SD00010646,2008,32.69457,-116.56417,995
SD00010635,2008,32.69463,-116.50762,942
SD00010578,1937,32.71175,-116.75089,707.24
SD00010600,2005,32.71417,-116.58694,980
SD00010468,1935,32.71452,-116.83958,441.67
SD00010519,2010,32.72141,-116.93084,203
SD00010516,2010,32.722,-116.4687,1005
SD00010619,2010,32.72604,-116.94038,125
SD00010610,1938,32.72802,-117.23979,41.5
SD00010625,2010,32.7324,-116.4779,975
SD00010562,1884,32.73409,-117.12945,81.31
SD00010653,2007,32.75472,-116.66222,635
SD00010549,1982,32.76409,-116.57253,1200
SD00010525,1994,32.76818,-116.54245,1185
SD00010511,2005,32.76889,-116.81278,265
SD00010557,1938,32.77089,-116.7978,295.17
SD00010530,1979,32.77323,-116.43462,1340
SD00010566,1970,32.78736,-116.58513,970
SD00010597,2006,32.79139,-116.75167,415
SD00010548,2004,32.79583,-116.55,1236
SD00010524,1994,32.80635,-116.54912,1151
SD00010607,1936,32.81302,-116.83831,243.86
SD00010654,2005,32.814,-116.672,894
SD00010591,2009,32.8237,-117.0219,162
SD00010647,2006,32.8242,-116.6039,1098
SD00010602,1895,32.8332,-117.25881,128.16
SD00010616,1935,32.8442,-117.2525,144.67
SD00010593,2004,32.8447,-116.4489,1562
SD00010520,2011,32.8447,-116.4486,1785
SD00010620,2009,32.8536,-116.4803,1554
SD00010515,2015,32.85686,-116.42813,1831
SDSU06105,1990,32.86077,-116.4217,1822.69
SD00010651,2005,32.8627,-116.5106,1162
SD00010657,2003,32.86417,-116.59389,329
SDSU06141,1971,32.86654,-116.79655,229
SD00010539,2002,32.87278,-116.7475,818
SD00010537,2004,32.873,-116.6255,1100
SD00010457,2004,32.87806,-116.80056,305
SD00010552,1938,32.88727,-116.44724,1703.7
SD00010658,2004,32.88917,-116.57667,329
SDSU13969,2002,32.89361,-116.5725,1241
SDSU06135,1967,32.8941,-116.438,1724.73
SD00010563,1963,32.8941,-116.43781,1800
SD00010564,1971,32.9,-116.65,960
SD00010558,1971,32.9,-116.65,960
SD00010590,2007,32.90152,-116.47683,1577
SD00010535,2004,32.90417,-116.4725,1661
SD00010599,2005,32.91444,-116.45778,1660
SD00010565,1960,32.91667,-116.56667,1250
SD00010459,1971,32.91667,-116.46667,1590
SD00010652,2006,32.918,-116.8808,460
SD00010568,1936,32.92561,-116.45807,1735.75
SD00010572,1937,32.92704,-116.83838,499.58
SD00010532,2003,32.93194,-116.49333,1600
SDSU06117,1938,32.93455,-116.6042,1570.4
SD00010606,1938,32.94033,-116.51363,1435.6
SD00010589,2008,32.9416,-117.0873,123
SD00010550,2004,32.94222,-116.57278,1387
SDSU19900,2002,32.95028,-116.60639,1868
SD00010629,2010,32.95557,-116.79091,670
SD00010604,1935,32.95935,-116.57969,1483.79
SD00010450,2008,32.96111,-117.25556,33
SDSU19911,2012,32.96251,-116.58741,1490
SD00010650,2005,32.964,-117.0705,211
SD00010598,2006,32.96528,-116.87167,337
SD00010660,2004,32.97222,-116.57167,451
SDSU12547,1996,32.975,-116.55417,1433
SD00010551,1969,32.98333,-116.6,1400
SD00010605,1967,32.98333,-116.60833,1524
SD00010630,2008,32.987,-116.7093,750
SD00010643,2007,32.9913,-116.6662,884
SD00010553,1935,32.99264,-116.56513,1407.68
SD00010569,1936,32.99283,-116.59522,1342.17
SD00010531,2003,32.995,-116.53667,1441
SD00010633,2008,32.99836,-117.04968,336
SD00010469,1971,33,-116.83333,390
SD00010528,1990,33.003660000000004,-117.27198,15
SD00010527,2008,33.00921,-117.24916,6
SD00010636,2008,33.0093,-117.249,2
SD00010626,2007,33.01095,-117.01225,289
SD00010640,2007,33.016,-116.612,1372
SD00010623,2008,33.02106,-117.0006,339
SD00010644,2007,33.0274,-116.6713,1040
SD00010631,2008,33.0344,-116.6609,1240
SD00010570,1936,33.04838,-116.63085,1340.51
SD00010595,2005,33.0571,-117.0807,105
SD00010544,2013,33.06329,-117.1004,130
SD00010455,2007,33.06759,-116.54417,845
SDSU06111,1988,33.06859,-116.61022,1205.99
SD00010601,1935,33.06883,-116.54613,840.19
SD00010536,2004,33.07056,-116.60194,1290
SD00010573,1938,33.07822,-116.61748,1216.89
SD00010449,2010,33.08049,-116.52357,770
SD00010465,1935,33.08232,-116.51855,771.65
SD00010615,1935,33.0857,-117.2639,52.5
SD00010642,2007,33.08972,-116.89472,239
SD00010574,1935,33.09021,-116.79119,711.77
SD00010659,2005,33.0971,-116.6592,1060
SD00010533,2004,33.1022,-116.6607,940
SD00010518,2012,33.105,-116.86028,280
SD00010645,2002,33.1061,-116.9814,340
SD00010621,2009,33.1071,-116.5978,1350
SD00010641,2007,33.10972,-117.00722,478
SD00010523,1993,33.1151,-116.58333,1606
SD00010648,2005,33.1233,-116.5725,1210
SD00010513,2008,33.12421,-117.0055,217
SD00010433,2012,33.12596,-116.5638,980
SD00010514,1994,33.12723,-116.51955,764
SD00010522,1993,33.13311,-116.58407,1603
SD00010571,1935,33.13604,-116.79118,612.52
SD00010448,1997,33.1403,-116.5297,831
SD00010512,2009,33.14194,-116.6025,1549
SD00010446,2005,33.19458,-116.50812,1223
SD00010624,2009,33.19901,-116.75103,1079
SD00010517,2010,33.20222,-116.81806,860
SD00010463,1936,33.21113,-116.52236,1230.37
SD00010467,1941,33.21145,-116.5124,1255.36
SD00010435,2014,33.21246,-116.46545,1021
SD00010431,2009,33.2131,-116.583,1097
SD00010443,2010,33.2163,-116.58797,1053
SD00010464,1941,33.22157,-116.60615,1009.14
SD00010432,2015,33.22449,-116.47383,1109
SD00010622,2009,33.22695,-116.82572,849
SD00010458,2006,33.2299,-116.6437,980
SD00010461,1920,33.24254,-116.6653,878.58
SD00010561,1935,33.25052,-117.12968,144.46
SDSU12385,1996,33.25528,-116.79667,780
SD00010575,1938,33.27763,-116.85549,723.56
SD00010451,2009,33.2878,-116.6319,969
SD00010560,1939,33.28781,-117.08392,223.24
SD00010614,1940,33.28809,-116.59418,1376.63
SD00010453,2010,33.28965,-116.58698,1435
SDSU15375,1998,33.31028,-117.29139,121
SD00010434,2009,33.3111,-116.6421,1094
SD00010473,2004,33.3167,-116.7353,1376
SD00010649,2006,33.318600000000004,-116.8453,1693
SD00010447,2005,33.3205,-116.7428,1250
SD00010608,1938,33.32563,-116.89086,1555.89
SD00010472,1969,33.33027,-116.89894,1630
SD00010471,1991,33.33144,-116.71249,930
SD00010540,1945,33.33502,-116.86051,1385.8
SD00010655,2002,33.33556,-116.92194,1585
SD00010456,2007,33.34201,-116.64702,1168
SD00010613,1935,33.34371,-116.9104,1436.38
SD00010583,2009,33.3447,-116.868,1528
SD00010444,2010,33.34685,-116.79642,1629
SD00010637,2009,33.3472,-116.89388,1600
SD00010587,1997,33.35028,-117.03278,162
SD00010588,2008,33.35487,-116.60481,1473
SD00010470,1985,33.35759,-116.67206,1160
SD00010585,2010,33.36112,-116.67281,1168
SD00010579,2015,33.36227,-117.31402,105
SDSU06129,1944,33.36337,-116.83613,1869.91
SD00010542,1925,33.36337,-116.83613,1585
SD00010543,1937,33.36337,-116.83613,1869.91
SD00010584,2010,33.36474,-116.67411,1182
SD00010437,2010,33.36631,-116.67929,1206
SD00010454,2009,33.36972,-116.78611,961
SD00010441,2010,33.3711,-116.68994000000001,1326
SD00010445,2011,33.37167,-116.72833,1048
SD00010452,2008,33.3736,-116.784,915
SD00010438,2010,33.37634,-116.71033,1216
SD00010576,1878,33.37642,-117.25115,205.3
SD00010521,2017,33.38229,-117.28723,245
SD00010490,1941,33.3842,-118.3842,300
SD00010462,1935,33.38516,-116.67809,1283.56
SD00010439,2010,33.38696,-116.68639,1269
SD00026562,2017,33.38966,-117.27513,117
SD00010628,2010,33.39034,-116.91667,1060
SD00010617,1972,33.39303,-116.91633,1050
SD00010436,2011,33.39447,-116.68579,1275
SD00010609,1940,33.39493,-117.0338,534.42
SD00010440,2010,33.39556,-116.70111,1225
SD00010632,2008,33.41306,-117.21389,139
SD00010559,1940,33.43751,-117.32043,217.76
SD00010529,2014,33.44083,-117.40063,725
SD00010546,1995,33.45,-116.95,610
SD00010567,1971,33.45129,-117.39809,800
SD00010618,1992,33.49225,-117.38606,640
SD00010503,1882,33.4956,-117.1493,310.55
SD00010475,2013,33.59833,-117.14194,390
RSA0059611,1917,33.6698,-116.5157,762
SD00010510,2000,33.68333,-116.71667,1616
RSA0060576,1984,33.6982,-116.7528,1219
SD00010477,2013,33.73696,-117.42017,377
SD00010672,1954,33.7503,-116.7152,1676
SDSU18403,2008,33.79494,-117.45103,405
SDSU18390,2008,33.79722,-117.46225,418
SD00010505,1925,33.8748,-116.842,1219
OBI106017,1969,33.96621,-117.31939,366
RSA0043164,2012,34.08484,-116.97716,1616
RSA0094763,2015,34.1309667,-116.4915,1148
RSA0022321,2011,34.14308,-116.50302,1338
RSA0003800,1882,34.152867,-118.121454,249.86
SD00010662,2006,34.16111,-116.51083,1220
RSA0043195,2010,34.1619444,-116.9633333,1571
RSA0043193,2010,34.16404,-116.94995,1553
RSA0036743,1998,34.17,-116.43,1250
SDSU22704,1983,34.184673,-117.540695,884
SD00010673,1963,34.25,-117.3259,1524
SDSU06088,1934,34.264,-116.8662,2056.62
SDSU06137,1952,34.291484,-117.840418,1036
SD00010508,2008,34.31417,-117.43861,1107
RSA0043194,1995,34.325,-117.4227778,1067
SD00010509,1995,34.37667,-117.05833,1738
SBBG172001,2019,34.41771,-119.16248,668
RSA0065634,2015,34.42758,-118.18402,846
SBBG164526,1965,34.465,-119.65,396.32
SD00010476,2014,34.46542,-117.82326,1126
SBBG164525,1928,34.4895,-120.225,123.53
OBI106060,1965,34.4916,-119.5865,541.92
RSA0049807,2014,34.50565,-117.06247,1225
SBBG164529,2003,34.5767,-118.8861,884
SBBG164500,1929,34.664,-120.333,150.94
SD00010482,1997,34.70639,-118.48083,1195
SBBG164522,1928,34.778,-120.155,339.29
OBI106031,1995,34.7795,-120.4273,114.97
SD00010661,2013,34.83282,-115.64653,1160
OBI106048,1997,34.861591,-119.213581,1840.31
SD00026955,2010,34.87801,-119.34137,1469
RSA0077591,2011,34.9021,-119.3897,1372
RSA0093736,2010,34.91,-118.63167,1442
SBBG164527,1964,34.942,-120.1995,335
SBBG164505,1950,34.971165,-119.455567,826.04
SBBG164515,1974,35.01,-120.48,97.21
OBI106023,1998,35.045615,-119.7714,1554
OBI106035,1956,35.09084,-120.46303,194.99
OBI106026,1982,35.12639,-120.4025,251.94
SD00010494,1935,35.17997,-118.83301,121.68
SBBG164507,1967,35.195066,-118.534846,970.64
OBI106019,1979,35.197821,-120.66211,248.2
OBI106038,1967,35.2055285,-120.1912599,498.56
OBI106033,1968,35.206217,-119.881875,601.53
OBI106028,1964,35.207788,-120.470393,245.85
OBI106055,1966,35.279519,-120.540786,337.88
SBBG164516,1979,35.2993,-119.9771,579
SD00010478,2008,35.30722,-119.98611,591
SBBG164509,1991,35.339,-120.617,610
OBI106022,1978,35.351177,-120.005123,612.1
OBI106049,1952,35.379759,-120.285566,573.71
OBI106024,1986,35.402195,-120.612946,307.48
SBBG164508,1968,35.418,-118.579,1859
OBI106039,1971,35.418043,-120.568649,274
OBI106032,1978,35.383499,-120.629695,329.18
OBI106061,1985,35.438108,-120.493918,434.58
OBI106025,1981,35.45983,-120.33394,421.28
OBI106063,1995,35.46411,-120.33005,450
OBI106037,1952,35.481179,-120.321879,409.58
OBI106053,1971,35.543942,-120.896932,518
RSA0073853,2015,35.54837,-118.04398,1203
OBI106056,1978,35.570441,-118.568642,701
RSA0073849,2015,35.57886,-118.23388,1028
SBBG164517,1962,35.5935,-120.152,602
RSA0067586,2014,35.64018,-118.18436,1222
OBI106051,1962,35.724109,-120.225261,635.85
OBI106062,1988,35.918675,-119.374004,61
SBBG164498,2017,36.3125,-121.5725,1475
OBI106020,1933,36.527035,-121.835454,30
SBBG164512,2017,36.5567,-120.8108,715
OBI106059,1965,36.997662,-119.703272,213
OBI161451,2019,37.08748,-122.249,32.27
SBBG164510,1945,37.324,-119.558,1052
SD00010500,1933,37.4634,-122.2613,144.57
SDSU06100,1929,37.547577,-119.678451,1219
SD00010499,1932,37.72644,-119.61164,1207.2
OBI106034,1939,38.061745,-122.69831,45
SD00010480,2012,38.54139,-120.84472,270
SD00010474,2013,38.56861,-120.84611,262
SD00010481,2009,38.65556,-120.67528,607
OBI106046,1937,40.483215,-123.740232,762
OBI106043,1998,35.783508,-120.939384,311.01
OBI106036,1968,38.954733,-123.740625,15
OBI106042,2002,35.24552,-120.486856,240
OBI106044,1957,34.511257,-119.809641,727.93
OBI106041,1994,35.684032,-121.071099,914
OBI106047,1967,35.206933,-120.462596,122
SDSU06123,1951,32.945439,-116.5751,1423.87
SDSU06130,1971,35.348352,-118.436203,1250
SDSU06143,1987,39.26763,-123.365059,335
SDSU06149,1951,37.535357,-119.65564,1219
SD00010502,1931,34.245608,-118.185232,572.44
SD00010486,1933,37.305525,-119.581872,1097
SD00010495,1948,35.481715,-118.747738,398.86
SD00010489,1953,33.977592,-117.860195,244
SD00010507,1963,34.788006,-120.46133,183
SD00010429,1972,38.394367,-123.094966,24.99
SD00010488,1980,34.40107,-117.823205,1372
SD00010491,1915,34.126238,-117.714285,451.61
SD00010492,1978,34.523085,-118.101999,914
SD00010497,1951,37.87582,-122.211475,364.15
SD00010663,1967,34.358178,-118.501154,457
RSA0010691,1976,36.164949,-118.738174,793
RSA0036056,1935,33.555958,-117.5507,762
RSA0037197,1991,33.510876,-116.598225,1280
RSA0028793,1944,33.678387,-116.682548,1372
RSA0070947,1973,34.312514,-118.25474,610
RSA0028725,1933,37.139524,-122.336258,14.11
RSA0057838,1976,34.212052,-117.672432,1158
RSA0035444,1982,33.355159,-116.869034,1524
RSA0043192,1931,34.245601,-118.184354,557.52
RSA0070948,1994,34.457369,-118.046373,1159
RSA0059738,1945,34.07244,-116.904562,914
RSA0043165,1933,33.750951,-118.347921,370.88
RSA0046820,1994,34.262022,-117.654071,1500
RSA0056306,1970,34.511661,-119.824585,678
RSA0051320,1932,33.75915,-118.06455,3.75
RSA0028724,1933,38.669182,-122.63278,1319.11
UC495319,1932,32.60806,-116.62917,914
UC131507,1905,32.64497,-116.33352,1121.59
UC1019608,1927,32.66879,-116.82444,220.19
UC1019607,1927,32.6851,-116.546,942.45
UC67155,1895,32.6948,-117.245,94.56
UC126909,1906,32.6948,-117.245,94.56
UC880923,1913,32.69483,-117.24517,101.08
UC310898,1925,32.71833,-116.46917,914
UC303377,1882,32.73409,-117.12945,81.31
UC67160,1904,32.75388,-117.18642,60
UC880907,1940,32.85186,-116.45182,1828
UC1019606,1927,32.86952,-116.84145,369.26
UC173769,1894,33.04179,-116.86803,435.2
UC67153,1894,33.0435,-117.2639,106.8
UC486458,1932,33.0782,-116.565,937.52
UC67154,1904,33.08272,-116.71691,792
UC24270,1894,33.08272,-116.71691,840.93
UC501545,1929,33.0828,-116.572,1024.72
UC168372,1894,33.10202,-116.57905,1628.07
UC24212,1921,33.10921,-116.67308,911.02
UC1019605,1926,33.1125,-116.523,743.04
UC489143,1927,33.12177,-117.06739,229.44
UC880906,1940,33.13577,-116.67753,937.82
UC107233,1895,33.1992,-116.5986,1071.83
UC880913,1911,33.2817,-116.6336,953.84
UC880915,1913,33.2842,-116.63113,956.05
UC1745872,1947,33.31375,-116.57718,1900.8
UC666595,1942,33.3436,-116.8804,1500.44
UC24268,1901,33.36033,-116.88417,1828
UC310216,1926,33.37773,-116.82082,1524
UC1979638,1995,33.410278,-116.958333,975
UC484259,1931,33.67,-117.53,609
UC63800,1901,33.6784,-116.648,1371
UC131504,1903,33.6814,-117.3608,387.4
UC144187,1904,33.6814,-117.3608,387.4
UC495298,1932,33.70889,-117.36083000000001,304
UC880909,1937,33.74,-117.0847,494.39
UC702011,1943,33.7415,-117.4298,367.86
UC63799,1901,33.74553,-116.71441,1632.48
UC1242705,1962,33.76088,-117.48075,337.32
UC24223,1897,33.7866,-117.4363,402.09
UC24216,1902,33.8037,-117.3779,680.91
UC63801,1901,33.8139,-116.7394,1554
UC1237990,1961,33.84547,-116.81934,1414.06
UC1607998,1935,33.87,-117.94,60
UC1537401,1935,33.8701,-117.3882,457
UC643397,1930,33.933,-116.9,776.29
UC1537400,1935,33.9456,-117.2921,365
UC64044,1895,33.9975,-116.9604,1022.97
UC24266,1897,34.01944,-118.49028,31.79
UC126807,1906,34.03652,-117.12173,647.49
UC56413,1903,34.07944,-118.23667,181.55
SFV112667,1961,34.09,-118.61,245
SFV112675,1961,34.09,-118.61,245
UC56876,1902,34.09,-117.74944,318.79
UC535387,1929,34.09394,-118.50264,350
UC536816,1934,34.094533,-117.648592,370.05
UC24271,1896,34.113067,-117.291902,304
UC126922,1906,34.113067,-117.291902,300
UC24221,1888,34.113067,-117.291902,325.7
UC24220,1898,34.1131,-117.2919,325.7
UC67156,1903,34.134533,-118.30477,371.53
UC24264,1882,34.14778,-118.14361,263.41
UC449910,1903,34.14778,-118.14361,263.41
UC284099,1903,34.14778,-118.14361,263.41
UC373304,1882,34.152867,-118.121454,249.86
UC1426018,1973,34.166069,-117.683611,713
UC1400331,1971,34.18067,-117.63038,792
UC284097,1917,34.1859,-117.6217,914
UC197349,1885,34.1861,-117.2557,609
SFV112673,2001,34.19525,-118.2065833,457
UC1375274,1971,34.2023,-117.4873,1417
SFV112679,2003,34.20333333,-118.2647222,823
UC314574,1926,34.204324,-117.281563,844.52
UC126808,1906,34.2092,-117.2866,1066
UC284098,1917,34.2147,-117.3343,609
SFV112670,1978,34.22,-118.31,610
UC450875,1931,34.220536,-118.370733,251.29
UC880911,1920,34.22639,-118.06528,609
SFV112672,2002,34.22769444,-118.322,532
UC168373,1889,34.2281,-117.301,1219
UC1562873,1987,34.2291,-117.2331,1676
SFV112668,1994,34.24,-118.02,950
SFV112666,1962,34.25,-118.19,793
UC880908,1935,34.264,-117.3371,1270
SFV112678,1998,34.26666667,-118.1416667,976
UC1069189,1935,34.287,-117.2157,1463
UC1979852,2008,34.28903,-117.20592,1469
SFV112659,1995,34.3,-118.15,915
UC1518672,1979,34.30317,-117.337528,1097
UC572487,1935,34.316,-117.1982,1386
SFV112665,1958,34.32,-118.51,450
SFV112658,1974,34.32,-118.31,660
SFV112671,1958,34.32,-118.57,945
UC284102,1918,34.325158,-117.428354,1190.51
UC126911,1906,34.3252,-117.4287,1250
UC1518667,1979,34.338878,-117.270458,975
UC1611538,1993,34.3594,-118.4386,893
UC457221,1931,34.365782,-117.652957,1876.92
SFV112660,1975,34.37,-118.44,564
UC501494,1932,34.390608,-118.16492,1524
UC1069170,1935,34.4173,-117.3205,1021
SFV112669,1962,34.44,-118.37,610
UC1871057,1991,34.456389,-118.219444,1119
UC1871236,1991,34.468889,-118.188333,829
UC75479,1906,34.473101,-117.124596,925
UC668349,1941,34.500665,-117.167628,1036
UC1537399,1935,34.57942,-118.18575,944
UC24273,1896,34.62475,-118.30813,978.1
UC1069199,1935,34.6383,-118.4896,822
UC310650,1926,34.6633,-120.3401,134.04
UC56874,1902,34.667088,-118.400085,1219
UC1069184,1935,34.704265,-120.286189,457
UC1069173,1935,34.7257,-118.5443,1219
UC593306,1938,34.7432,-119.9848,1371
UC1069174,1934,34.757,-119.4104,1066
UC880924,1906,34.778,-120.036,782.37
UC592140,1935,34.84988,-116.41113,801.85
SFV112662,1995,34.89,-119.36,1400
SFV112663,1998,34.91,-119.4,1300
UC1069183,1935,34.9374,-119.6822,746
UC1980035,2009,34.94695,-119.40093,973
UC1069171,1935,34.9798,-118.8973,365
UC1069175,1936,35.0238,-120.0327,762
UC2027001,2005,35.027778,-119.665278,939
UC1285256,1958,35.084389,-119.752739,804.95
UC2028828,2013,35.098277,-118.759768,343
UC72015,1895,35.12187,-120.58559,33.41
UC455932,1910,35.144588,-119.740544,599.83
UC1069188,1936,35.1874,-120.691,76
SFV112651,1995,35.19,-119.91,800
UC144182,1905,35.190178,-118.51551,991.25
UC1069168,1937,35.259804,-119.65086,609
UC1137832,1935,35.2741,-118.8158,167
UC606954,1938,35.331085,-118.58599,858.47
UC54858,1882,35.34247,-120.83321,8.17
UC1069187,1936,35.351067,-120.547444,342
UC1069186,1937,35.3607,-120.3516,548
UC511238,1932,35.434701,-118.883573,182
UC168379,1891,35.490215,-119.15081,126.73
UC606955,1938,35.558296,-119.233215,125.92
UC310223,1926,35.630681,-120.675571,259.63
UC1562894,1986,35.697,-118.0852,1524
UC1927520,2003,35.7133,-117.9633,1494
UC1927593,2003,35.7156,-117.9286,1372
UC168378,1891,35.75524,-118.42399,807.75
UC566277,1932,35.7554,-120.6662,243
UC1069195,1938,35.7981,-120.8033,289
UC310899,1925,35.809273,-119.10217,153.87
SFV112677,1999,35.91666667,-119.4083333,800
UC1069176,1932,35.9856,-120.2298,335
UC310398,1925,35.98567,-120.54853,723.87
UC659438,1940,36.08272,-120.457664,487
UC880917,1915,36.1147,-121.1145,216.35
UC24225,1897,36.207886,-119.34564,88.04
UC24217,1897,36.207886,-119.34564,88.04
UC24213,1901,36.469776,-118.91665,281.34
UC24226,1898,36.49682,-118.81639,538.41
UC880870,1938,36.50766,-120.82507,487
UC496087,1907,36.519,-121.9178,19.4
UC610620,1935,36.52167,-121.94611,34.11
UC618397,1937,36.583206,-120.80852,347.48
UC66822,1904,36.617738,-121.916622,46.29
UC606906,1938,36.68138,-121.00466,609
UC606915,1938,36.695316,-119.003845,1219
UC1021935,1955,36.75444,-119.16944,914
UC480616,1928,36.88841,-121.63942,44.4
UC592188,1929,36.986427,-119.7463,135.38
UC606902,1938,37.009594,-119.40307,609
UC1069192,1936,37.060026,-122.194944,121
UC1069191,1935,37.0619,-121.9534,91
UC1069196,1938,37.0763,-121.5182,289
UC24260,1892,37.10833,-121.98556,279.53
UC204178,1903,37.10851,-121.83946,985.82
UC24251,1894,37.11083,-121.84361,1150.75
UC765438,1935,37.118904,-120.409256,53.95
UC765437,1937,37.118904,-120.409256,53.95
UC1039812,1956,37.1484,-119.5052,396
UC107229,1889,37.18087,-121.98446,236.73
UC131658,1904,37.209385,-122.05352,759.51
UC596584,1907,37.2202,-122.0344,274
UC1069169,1938,37.2384,-121.5034,822
UC596364,1938,37.26346,-119.693054,677.79
UC618484,1938,37.31176,-119.547646,1026.97
UC131456,1902,37.317913,-122.269394,145.54
UC571709,1935,37.342384,-121.64059,548
UC571712,1934,37.38329,-121.69044,731
UC1069182,1935,37.3962,-120.0587,487
UC1069190,1936,37.4107,-120.0769,381
UC596583,1908,37.421104,-121.69879,1155.58
UC596582,1909,37.427773,-121.90488,6.68
UC880914,1915,37.4291,-120.0923,393.48
UC1069181,1935,37.545,-119.6514,1219
UC592189,1925,37.579037,-121.90704,234.52
UC767670,1938,37.65059,-121.55563,449.6
UC67150,1901,37.673225,-122.474915,112
UC202791,1903,37.680893,-122.448395,95.75
UC1301146,1963,37.689358,-122.44776,106
UC618586,1938,37.700974,-120.29435,426.56
UC1069179,1936,37.7178,-120.3792,243
UC24237,1896,37.7198,-122.49132,5.66
UC67149,1901,37.7198,-122.49132,5.66
UC1069194,1934,37.736881,-122.09288,137
UC24208,1902,37.74299,-122.07432,92.33
UC131445,1903,37.745274,-121.426834,12.82
UC24257,1862,37.7745,-122.4591,71.39
UC24204,1864,37.80444,-122.26972,12.34
UC1069178,1936,37.8076,-120.5144,384
UC407074,1923,37.83528,-120.52496,310.16
UC1069193,1935,37.8454,-121.9243,548
UC1614660,1934,37.848286,-122.479706,15
UC24214,1901,37.86278,-122.43083,163.29
UC606901,1938,37.86369,-122.234085,335
UC880892,1941,37.86721,-121.69183,30
UC1614472,1935,37.873528,-122.23781,222.83
UC1614293,1935,37.873528,-122.23781,222.83
UC767672,1938,37.87361,-122.45556,3.09
UC1377696,1951,37.877434,-122.20395,457.84
UC67148,1901,37.88178,-121.91309,1127.52
UC480617,1928,37.88178,-121.91309,1127.52
UC24202,1891,37.882366,-122.23146,483.67
UC63943,1903,37.88306,-122.2375,458.51
UC545381,1926,37.88306,-122.2375,458.51
UC1278733,1947,37.88392,-120.25508,799.78
UC24207,1902,37.8931,-122.2717,134.55
UC126918,1906,37.8931,-122.2717,134.55
UC24247,1891,37.90611,-122.54389,25.81
UC1190350,1958,37.912895,-120.28319,666.78
UC24246,1900,37.914948,-122.589615,378.35
UC403299,1930,37.925564,-122.52539,3
UC24236,1899,37.9273,-122.59169,701.59
UC880920,1913,37.9273,-122.59169,701.59
UC1069180,1936,37.9372,-120.2759,822
UC67147,1900,37.94306,-122.14556,418.99
UC197341,1887,37.94889,-122.54389,3.95
UC403372,1930,37.959026,-122.569466,30
UC1021927,1955,37.959053,-122.628586,221.7
UC735053,1946,37.962894,-122.60368,167
UC1069166,1935,37.96648,-120.713326,304
UC1301147,1963,37.969215,-122.62434,243
UC880919,1919,37.97222,-120.47028,365
UC1602052,1891,37.98722,-122.58778,33.39
UC24255,1892,37.98722,-122.58778,33.39
UC1069197,1934,37.9965,-123.0162,182
UC24234,1895,38.005,-121.80472,12.26
UC592190,1932,38.015244,-121.78886,5.41
UC914286,1947,38.02368,-122.98726,80.31
UC24249,1894,38.040913,-122.78589,27.42
UC592134,1928,38.109177,-122.84334,16.87
UC880895,1941,38.119377,-122.66563,60
UC1069198,1936,38.193435,-122.95136,76
UC579895,1934,38.291855,-122.96805,137.64
UC24253,1891,38.29194,-122.45694,25.73
UC107228,1901,38.345707,-122.97271,42.82
UC67143,1902,38.36104,-121.97021,46.11
UC24263,1902,38.41389,-122.545,130.02
UC55254,1900,38.45,-121.47,5.68
UC72013,1898,38.45667,-122.63583,100.13
UC1299130,1947,38.502407,-123.05071,362.16
SFV112656,1962,38.51,-121.26,38
UC606952,1938,38.51387,-123.23447,91
UC58514,1903,38.51417,-123.2425,32.82
UC24235,1896,38.51417,-123.2425,32.82
UC126919,1906,38.52,-122.3119,297.44
UC545848,1936,38.5885,-122.40074,236.58
SFV112653,1974,38.61,-122.41,207
SFV112652,1965,38.63,-122.35,150
UC449912,1917,38.64,-121.27,58.8
UC1282735,1952,38.71233,-122.47852,243
UC747507,1943,38.74626,-120.622345,914
UC24245,1864,38.80556,-123.01611,100.21
UC606913,1938,38.885494,-122.66307,457
SFV112664,2002,38.94,-122.91,460
UC663110,1938,38.971554,-122.610886,438.14
UC64755,1902,39.04306,-122.91472,406.96
UC1239742,1949,39.051235,-123.15399,182
UC1239744,1902,39.099266,-122.95915,426
UC24240,1898,39.144787,-123.2056,185.01
UC595056,1938,39.18314,-122.70256,660.93
UC1069200,1934,39.2011,-121.7344,22
UC1069167,1934,39.2444,-121.846,106
UC1239740,1938,39.313034,-123.215904,213
UC1245408,1936,39.328804,-123.3016,529.73
UC24239,1899,39.37227,-123.32038,472.7
SFV112674,1961,39.4,-123.4,525
UC107227,1897,39.605797,-121.68332,53
UC196340,1914,39.612827,-121.60595000000001,126.42
UC606912,1938,39.8468,-122.5944,304
UC1116246,1948,40.0844,-123.6593,609
UC1239751,1923,40.0899,-123.797,121
UC562584,1932,40.12076,-123.82117,182
UC1245395,1932,40.1657,-123.226006,891.38
UC562585,1932,40.4599,-124.2052,609
UC146182,1906,40.5432,-124.1006,60
UC449915,1914,40.73111,-122.94083,624
UC177171,1913,40.76145935,-123.9930191,762
UC146183,1908,40.76145935,-123.9930191,762
UC1103815,1926,40.76145935,-123.9930191,762
UC562587,1933,41.749508,-124.194595,152
UC630489,1938,41.836933,-123.94048,121
UC1541385,1934,41.836933,-123.94048,118.54
UC410629,1928,41.84278,-123.99139,108.01
UC284100,1904,34.150335,-117.995178,186.66
UC111549,1906,34.139683,-117.032925,1402
UC131457,1904,34.150335,-117.995178,186.66
UC1103811,1922,40.538285,-124.071867,762
UC923127,1950,34.307121,-117.326287,981.61
UC697772,1943,34.202301,-117.757719,822
UC64756,1902,41.831859,-124.105002,32.89
UC67151,1899,38.4138,-122.546094,129.11
UC1237966,1961,38.242628,-122.264757,32.25
UC24256,1898,38.797301,-123.017051,96.09
UC562582,1923,41.29981,-124.038709,274
UC203959,1918,41.028052,-124.109676,15
UC449913,1891,36.149237,-120.427292,468.71
UC249525,1922,40.936055,-123.618422,152
UC1239752,1923,40.931712,-123.912717,274
UC1745798,1938,38.10396,-122.902505,41.21
UC562583,1926,40.538285,-124.071867,762
UC249523,1922,41.016956,-124.109178,6
UC24259,1902,34.405563,-119.505313,182
UC1239754,1927,41.059291,-124.143125,3
UC131451,1904,33.318427,-117.333433,28.67
UC24258,1894,37.766049,-122.406513,12.99
UC880918,1933,36.230126,-118.679623,1005
UC1073323,1955,37.997007,-122.993494,167
UC177199,1913,40.464609,-123.552677,762
UC24262,1899,41.059452,-123.680556,83.15
UC606905,1938,36.442199,-121.59022,548
UC660076,1940,38.666709,-121.385981,24.52
UC880916,1915,38.668914,-122.632823,1312.91
UC571711,1933,38.790259,-121.551527,6.12
UC1021938,1954,38.802066,-121.131876,154.47
UC444997,1931,36.091868,-118.874632,333.05
UC184397,1902,36.600793,-121.86912,5.01
UC1211139,1912,34.220148,-118.051503,1219
UC606904,1938,37.112799,-121.664726,243
UC75161,1903,37.6874,-122.4355,399.19
UC564183,1935,35.321999,-119.985097,598.91
UC753438,1946,34.746667,-119.984027,1219
UC24238,1899,37.883677,-122.221921,582.94
UC1222905,1950,40.491234,-123.617718,729.67
UC1239755,1923,40.764606,-123.997783,762
UC24248,1893,38.394179,-122.363385,35.45
UC24231,1899,36.89628,-121.720224,14.33
UC24203,1898,37.873047,-122.228878,352.08
UC1239741,1938,40.943797000000004,-123.631572,152
UC606956,1938,35.284707,-119.218994,97.19
UC1031220,1954,38.489598,-122.213033,296.18
UC73660,1906,37.346932,-121.647208,996.95
UC1239736,1935,40.629601,-123.876643,609
UC660028,1925,36.600238,-121.894676,7.87
UC1057439,1937,38.476598,-122.950448,49.74
UC916528,1948,36.405676,-121.545925,813.09
UC1561952,1987,36.153223,-120.866103,362.2
UC24210,1861,34.808906,-120.256898,235.78
UC606957,1938,35.472827,-118.715194,444.64
UC1239737,1938,40.83376,-123.713216,1432
UC1228850,1962,35.55103,-120.594389,304
UC718104,1937,38.848157,-121.168042,76
UC2027804,1997,37.913383,-121.930129,215.87
UC24222,1897,34.125954,-117.713598,365
UC598440,1938,34.311773,-117.474764,1310
UC606908,1938,35.65764,-120.64447,198
UC24206,1902,39.768617,-121.800399,85.1
UC310947,1925,35.165874,-118.443138,1219
UC592135,1932,34.484802,-118.322069,755.05
UC146215,1903,38.578797,-122.579705,91
UC606903,1938,38.2971,-122.193162,457
UC1005677,1939,40.874284,-123.732832,1100
UC67144,1898,38.480736,-122.572107,235.34
UC1501861,1951,35.651792,-120.37765,762
UC449911,1917,38.887289,-121.290261,50.77
UC972194,1952,38.288082,-122.468835,21.98
UC1103814,1923,40.882354,-123.865613,1066
UCR0077177,1951,32.97722,-116.57917,1416.8
UCR0077176,2004,33.03111,-116.66056,1154.73
UCR0018152,1974,33.08889,-116.57917,1082
UCR0077178,2004,33.27083,-116.64167,898
UCR0077171,2015,33.35719,-117.35039,140
UCR0077173,2004,33.35981,-116.67292,899
UCR0077103,1997,33.46667,-117.06667,396
UCR0077104,1997,33.46806,-117.075,378
UCR0077083,1967,33.48333,-117.05,381
UCR0077072,2005,33.51103,-117.06725,393
UCR0077091,2001,33.52528,-117.12389,366
UCR0077213,2003,33.53333,-117.58333,91
UCR0077102,2003,33.53417,-116.8675,854
UCR0077081,1970,33.56833,-116.5275,1220
UCR0077082,1980,33.57944,-116.59583,1433
UCR0077094,1997,33.59,-117.02333,488
UCR0077069,2003,33.59278,-116.82611,1037
UCR0077049,2013,33.59806,-117.14194,396
UCR0077097,1997,33.6,-117.045,488
UCR0077068,2000,33.6,-117.01667,457
UCR0077099,1989,33.60833,-117.04167,470
UCR0077071,2001,33.60833,-116.74167,1143
UCR0077079,1996,33.625,-117.25,439
UCR0077048,2014,33.64194,-117.2225,534
UCR0077055,2010,33.64497,-116.65589,1349
UCR0077100,2001,33.68833,-116.66333,1463
UCR0079815,2001,33.69056,-116.70806,1494
UCR0077092,1998,33.69167,-117.03333,610
UCR0077095,2001,33.7,-116.96667,494
UCR0077064,2008,33.71168,-116.69023,1555
UCR0077078,1993,33.71667,-117.10417,466
UCR0077044,2013,33.72958,-116.74578,1540
UCR0077062,2010,33.73444,-117.41083,363
UCR0077058,2011,33.73644,-117.23564,451
UCR0070268,1968,33.73722,-116.77194,1463
UCR0077057,2011,33.73889,-117.38889,463
UCR0077077,1997,33.74167,-117.44167,370
UCR0077061,2010,33.74306,-117.39417,488
UCR0077074,1988,33.75083,-117.45611,381
UCR0077105,2004,33.76111,-117.02694,488
UCR0077046,2014,33.76111,-117.4625,315
UCR0077056,2011,33.76306,-117.46639,311
UCR0077060,2004,33.76667,-116.86667,518
UCR0077076,1995,33.8,-117.1,579
UCR0077098,1980,33.80361,-117.355,625
UCR0077059,2003,33.80822,-117.26033,536
UCR0077090,1997,33.80944,-117.08583,610
UCR0077089,1973,33.825,-117.41667,244
UCR0077088,1964,33.84528,-116.8175,1372
UCR0077087,1985,33.89167,-116.69167,489
UCR0077070,2002,33.89778,-116.79361,915
UCR0077045,2015,33.8983,-117.36452,372
UCR0077084,1995,33.9,-116.66667,335
UCR0077080,1995,33.93222,-117.18028,579
UCR0077096,1997,33.96,-117.28333,915
UCR0077101,1998,33.9625,-116.75194,854
UCR0077107,1976,33.96667,-117.325,274
UCR0077093,1997,33.96667,-117.32222,427
UCR0077161,1994,33.96667,-116.8,917
UCR0077063,2004,33.96667,-117.31944,424
UCR0077067,1998,33.97222,-116.86056,915
UCR0077075,1994,33.975,-117.29167,752.09
UCR0077086,1976,33.98333,-116.8,1372
UCR0077085,1996,33.98333,-116.85833,915
UCR0077065,1998,33.98528,-116.78056,1128
UCR0077053,1998,33.98592,-116.86969,976
UCR0077051,1994,33.98639,-116.78333,1200
UCR0077054,1998,33.99253,-116.82772,1305
UCR0077066,1998,33.99722,-116.83,1220
UCR0077159,1968,34.01167,-116.985,1098
UCR0077138,1998,34.02056,-117.30389,396
UCR0077073,2004,34.02375,-116.89231,1341
UCR0077150,1993,34.025,-116.98333,979
UCR0077151,1992,34.025,-116.99167,1009
UCR0077141,1998,34.032,-117.342,412
UCR0077106,1974,34.03333,-116.86056,1524
UCR0077168,1999,34.03333,-117.38333,244
UCR0077142,1998,34.03556,-117.4575,427
UCR0077157,1995,34.03917,-117.44028,366
UCR0077144,1997,34.04167,-117.45,401.77
UCR0077139,2001,34.04444,-117.115,633
UCR0077137,1975,34.05667,-116.395,1341
UCR0077169,1996,34.09167,-116.95833,1341
UCR0077148,1971,34.10167,-117.01083,1037
UCR0077134,2004,34.14722,-116.45694,1256
UCR0077140,2003,34.14917,-116.45583,1250
UCR0077026,1989,34.16389,-117.81639,442
UCR0077008,2011,34.16861,-117.77222,476
UCR0077013,2011,34.16889,-117.80861,509
UCR0077017,2008,34.17028,-117.81278,549
UCR0077133,1998,34.175,-117.67222,747
UCR0077146,1994,34.17611,-117.53694,610
UCR0077108,1998,34.18278,-117.40861,549
UCR0077166,1988,34.18611,-116.43167,1128
UCR0077024,1998,34.18778,-117.72111,1317
UCR0077119,1995,34.19222,-117.5425,976
UCR0105227,1998,34.19333,-117.73028,890
UCR0077019,1999,34.19583,-117.71667,1171
UCR0077145,1976,34.20222,-117.48611,1433
UCR0077117,1995,34.20361,-117.39444,610
UCR0077147,1968,34.20389,-117.40667,622
UCR0105226,2011,34.205,-117.83583,878
UCR0077124,1995,34.20722,-117.66528,1220
UCR0077115,1994,34.20833,-117.41583,707
UCR0077028,2000,34.21611,-118.14639,518
UCR0077029,2000,34.21611,-118.14639,549
UCR0077149,1970,34.2175,-117.46139,884
UCR0077131,1985,34.22222,-117.46611,732
UCR0077031,1973,34.22333,-117.67972,1463
UCR0077160,1968,34.23278,-117.47333,915
UCR0077165,1973,34.24333,-117.26333,1829
UCR0077154,1994,34.24778,-117.31778,1525
UCR0077126,1995,34.25694,-117.47583,1037
UCR0077116,1994,34.26917,-117.4625,823
UCR0077130,2000,34.27056,-117.29139,1098
UCR0077128,2005,34.27194,-117.29417,1098
UCR0077164,1965,34.28278,-117.33139,1524
UCR0077016,2010,34.28419,-118.04531,1220
UCR0077153,1996,34.28444,-117.40389,1341
UCR0077125,1995,34.29083,-117.46028,890
UCR0077009,2011,34.29667,-118.01278,1616
UCR0077122,1995,34.29972,-117.48028,945
UCR0077162,1993,34.3,-117.21667,1524
UCR0077118,1998,34.30139,-117.49583,1335
UCR0077109,2012,34.31102,-117.43883,1198
UCR0077033,1965,34.31222,-117.84139,762
UCR0077143,1995,34.31472,-117.57917,1695
UCR0077152,1995,34.31917,-117.42278,1150
UCR0077034,1974,34.32861,-118.12167,976
UCR0077035,1995,34.33333,-118.51667,457
UCR0077163,1988,34.34639,-117.27639,976
UCR0077218,1958,34.35278,-119.30528,61
UCR0077217,2003,34.37111,-118.68778,457
UCR0077167,1998,34.37472,-117.45,1250
UCR0077037,1967,34.37861,-118.45833,518
UCR0077127,1995,34.40639,-117.60583,1378
UCR0077010,2011,34.41806,-118.09389,1195
UCR0077036,1967,34.42111,-118.53167,366
UCR0077158,1995,34.42167,-117.45139,1134
UCR0077025,1998,34.42333,-117.71444,1512
UCR0077023,1998,34.43333,-117.71667,1402
UCR0077021,2001,34.45167,-117.81139,1223
UCR0077030,2003,34.4925,-118.6025,366
UCR0077192,1967,34.57806,-119.95667,229
UCR0077111,2011,34.59158,-115.50897,496
UCR0105265,2008,34.76667,-118.60833,915
UCR0105263,2006,34.77028,-118.67833,960
UCR0105264,2008,34.77222,-118.61667,970
UCR0105244,2010,34.78444,-115.65972,1322
UCR0077038,1996,34.78567,-118.63333,915
UCR0105262,2006,34.78889,-118.7375,1006
UCR0077007,2008,34.7955,-118.69864,948
UCR0105266,2006,34.79944,-118.75833,1037
UCR0077015,2009,34.8,-118.83014,1371
UCR0105267,2007,34.80417,-118.74917,1006
UCR0105259,2010,34.81389,-118.83194,1141
UCR0105260,2007,34.81417,-118.78472,1128
UCR0077110,2005,34.8192,-115.64787,1348
UCR0076995,2007,34.84194,-118.81889,1280
UCR0076998,2010,34.84278,-118.69528,998
UCR0076996,2010,34.84622,-118.70036,1009
UCR0076993,2009,34.84767,-118.72403,1012
UCR0105261,2007,34.8675,-118.67594,1067
UCR0105292,2005,34.8725,-118.89639,1067
UCR0076989,1998,34.88231,-118.94681,1433
UCR0076999,2010,34.88731,-118.65233,1259
UCR0076988,2005,34.88889,-118.95139,1500
UCR0076992,2009,34.88981,-118.69111,1340
UCR0077002,1997,34.9355,-119.11933,1220
UCR0077006,1998,35.06056,-118.38806,1341
UCR0077005,2001,35.08617,-118.394,1372
UCR0077194,2002,35.09694,-120.07833,549
UCR0077191,2005,35.1,-120.07833,526
UCR0076990,2016,35.12489,-118.57481,1187
UCR0076991,2016,35.13411,-118.55461,1300
UCR0077188,1997,35.14667,-119.77167,610
UCR0077000,1973,35.2,-118.54111,915
UCR0077187,2005,35.215,-120.44333,232
UCR0077190,1983,35.26389,-120.28417,506
UCR0077186,2005,35.305,-120.36833,460
UCR0077189,1997,35.38,-120.10667,549
UCR0077001,1958,35.6575,-118.33028,799
UCR0077003,1982,35.72917,-118.54944,1768
UCR0077040,1973,35.96917,-121.18361,305
UCR0077042,2000,36.06333,-121.185,381
UCR0077039,1989,36.23181,-121.48528,274.02
UCR0077041,1993,36.42417,-121.88833,300
UCR0077043,1948,36.49028,-121.93056,213
UCR0077205,1967,36.96722,-119.35361,412
UCR0077208,2002,37.33889,-119.58639,976
UCR0077201,2008,38.28639,-120.66,305
UCR0077200,2006,38.50778,-120.84861,341
UCR0077199,2007,38.54028,-120.84083,302
UCR0077196,2010,38.59528,-120.65361,677
UCR0077204,2006,38.63194,-120.72222,665
UCR0077215,2015,38.67225,-123.18592,294
UCR0077212,2013,39.04944,-121.04611,495
UCR0077207,1997,39.07,-122.50861,274
UCR0077216,1997,40.78878,-123.5585,252
UCSB030093,1953,33.07817,-116.61458,1216.56
UCSB030408,1962,33.517333,-117.595479,87.88
UCSB030098,1982,33.531045,-117.589222,95.94
UCSB030052,1962,33.72163,-117.39338,392.58
UCSB030081,1957,33.7619,-117.4723,318.64
UCSB030044,1977,33.80996,-117.4308,488.46
UCSB030045,1977,33.82158,-117.36016,553.28
UCSB030033,1963,33.85103,-116.82793,1336.82
UCSB030064,1978,33.8713,-117.4363,389.04
UCSB030050,1963,33.88068,-116.84681,1198.41
UCSB030034,1954,34.0968,-117.7012,365.77
UCSB030403,1935,34.199248,-117.779642,743.26
UCSB030404,1958,34.230227,-118.181587,666.64
UCSB030026,1928,34.23496,-117.189624,1699.38
UCSB030405,1934,34.42407,-117.301134,973.04
UCSB030061,1946,34.463,-119.6906,319.65
UCSB032711,1991,34.495975,-119.123119,1477.75
UCSB030076,1968,34.5111,-119.8131,702.35
UCSB030097,1984,34.7219,-119.9544,1300.45
UCSB030053,1961,34.748,-120.053,444.46
UCSB030402,1946,35.101482,-118.283635,1154.47
UCSB039252,1982,35.738698,-118.555895,1768
UCSB030058,1938,35.805,-118.681,1110.74
UCSB030065,1961,36.10151,-120.31102,204.85
UCSB030085,1979,36.784553,-119.289851,233.18
UCSB030094,2003,34.22062,-118.309877,625.84
UCSB030055,1979,34.445172,-119.781779,49.19
UCSB030054,1983,35.336685,-120.616449,613.92
UCSB030051,1963,37.360987,-122.113592,89.12
UCSB030049,1963,34.571785,-119.954207,233.65
UCSB030043,1983,36.405676,-121.545925,813.09
UCSB030042,1983,37.892361,-122.625137,179.81
UCSB030041,1983,35.07,-118.370327,1467.13
UCSB030040,1979,35.336994,-120.616637,614.13
UCSB030039,1977,34.627069,-119.978032,254.82
UCSB030038,1980,34.599213,-119.746679,1358.09
UCSB030037,1984,34.741141,-119.999367,991.03
UCSB030036,1973,35.458649,-120.333518,418.11
UCSB030035,1960,34.530427,-120.065895,656.65
UCSB030030,1962,35.356155,-120.247584,717.17
UCSB030028,1982,35.31062,-120.346776,469.38
UCSB030056,1965,35.937774,-121.106443,290.99
UCSB030027,1975,34.092958,-118.622827,356.65
UCSB030088,1979,33.049052,-116.787666,615.73
UCSB030087,1978,36.492704,-118.845784,595.75
UCSB030086,1967,35.754626,-120.933691,244.79
UCSB030084,1967,39.026888,-122.427175,475.33
UCSB030083,1940,38.540389,-122.774345,52.77
UCSB030082,1962,34.503618,-119.802956,540.39
UCSB030080,1967,34.092978,-117.03341,915.6
UCSB030078,1950,37.881702,-121.914268,1171.35
UCSB030075,1977,37.533881,-119.835737,1052.26
UCSB030074,1962,34.815291,-120.223705,206.86
UCSB030072,1959,34.580385,-119.973406,230.57
UCSB030071,1954,34.510775,-119.579638,483.9
UCSB030070,1952,34.458054,-119.692398,274.75
UCSB030057,1963,34.175004,-117.762659,486.85
UCSB030059,1961,34.533981,-120.054986,743.16
UCSB030060,1967,34.684205,-120.453205,92.94
UCSB030062,1960,35.558554,-121.08053,77.87
UCSB030063,1979,34.722241,-119.967796,1226.93
UCSB030066,1974,34.646287,-119.95286,335.34
UCSB030067,1979,35.336752,-120.615059,631.41
UCSB030068,1966,35.529202,-120.328741,377.92
UCSB030091,1972,40.028633,-124.072493,36.99
UCSB030090,1962,37.994572,-123.005338,42.21
UCSB030089,1962,37.260225,-122.108902,669.52
UCSB030092,1939,38.420078,-123.102643,52.39
UCSB030409,1995,38.942505,-122.792305,546.49
UCSB030407,1975,34.462288,-119.649533,450.65
UCSB030401,1981,35.485976,-120.327035,400.6
UCSB030100,1961,38.53771,-120.847715,279.41
UCSB030099,1978,34.742205,-120.025206,751.89
UCSB030096,1978,34.744512,-119.984483,1350.77
UCSB030095,1984,34.721678,-119.95211,1325.1
UCSB030410,1979,34.721635,-119.920094,965.75
UCSB040304,1998,34.69265,-120.040077,336.68
